title,price,warranty
Victus 15-fb0157AX Gaming Laptop,49900,1
15s-fq5007TU Laptop,39900,1
One 14 Z8-415 Laptop,26990,1
Yoga Slim 6 14IAP8 82WU0095IN Laptop,59729,1
MacBook Air 2020 MGND3HN Laptop,69990,1
Extensa EX214-53 Laptop,39990,1
Inspiron 3520 D560896WIN9B Laptop,36790,1
Nitro V ANV15-51 2023 Gaming Laptop,76990,1
Vivobook 15 X1502ZA-EJ523WS Laptop,48990,1
Galaxy Book2 Pro 13 Laptop,74990,1
V15 G3 IAP 82TTA08AIN Laptop,49990,1
Pro NU14U3INC43BN-CS Laptop,10990,1
TUF Gaming F15 2022 FX507ZC4-HN116W Gaming Laptop,72990,1
4G Android Laptop,10990,1
V15 G4 ‎82YU00W7IN Laptop,29990,1
TUF Gaming F15 FX506HF-HN024W Gaming Laptop,53649,1
Modern 14 C11M-031IN Laptop,33990,1
Zerobook 2023 Laptop,79990,1
Victus 15-fa0666TX Gaming Laptop,68990,1
IdeaPad Gaming 3 15IHU6 82K101GSIN Laptop,45990,1
Vivobook 16X 2022 M1603QA-MB502WS Laptop,49900,1
MacBook Air 2022 Laptop,104990,1
Aspire 7 A715-76G UN.QMYSI.002 Gaming Laptop,54990,1
15s-fq2510tu Laptop,49580,1
Vivobook 16X 2022 M1603QA-MB711WS Laptop,55990,1
15s-eq2132AU Laptop,43990,1
255 G9 840T7PA Laptop,19850,1
Extensa 15 EX215-33 2023 Laptop,28990,1
Aspire 5 A515-57G UN.K9TSI.002 Gaming Laptop,54999,1
Inspiron 3530 Laptop,70990,1
IdeaPad Gaming 3 82SB00V2IN Laptop,56889,1
Predator Helios Neo 16 2023 PHN16-71 Gaming Laptop,179880,1
Victus 15-fb0150AX Gaming Laptop,53790,1
Aspire Lite AL15 Laptop,37990,1
Nitro 5 AN515-58 NH.QFSSI.001 Gaming Laptop,96990,1
Pavilion 15-eg3081TU Laptop,71990,1
Victus 16-d0333TX Gaming Laptop,59990,1
IdeaPad Slim 5 14IAH8 83BF0045IN Laptop,62990,1
INBook X3 Slim XL422 2023 Laptop,30990,1
LOQ 15IRH8 82XV00F5IN 2023 Gaming Laptop,74990,1
15s-fr2515TU Laptop,36490,1
G15-5520 2023 Laptop,77990,1
Galaxy Book2 NP550XED-KA2IN Laptop,54990,1
IdeaPad 3 15IAU7 82RK00WXIN Laptop,41190,1
ROG Strix G16 2023 G614JJ-N3086WS Gaming Laptop,89990,1
Legion 9i 2023 Laptop,399999,1
Nuvobook V1 Laptop,31990,1
Inspiron 3525 Laptop,31490,1
Victus 15-fa0555TX  Laptop,70590,1
TUF Gaming F15 2023 FX507ZV-LP094W Gaming Laptop,104990,1
V15 82QYA00MIN Laptop,23990,1
255 G9 7B1L8PA Laptop,37999,1
MagicBook X14 2023 ‎FRI-F56 Laptop,52990,1
V15 82KDA01BIH Laptop,30849,1
Victus 15-fa0070TX Laptop,58990,1
ZEB-NBC 2S Laptop,34990,1
ThinkBook 15 Gen 5 21JF0026MJ Laptop,49990,1
15S-FQ5202TU Laptop,51780,1
TUF Gaming F15 FX506HE-HN382W Gaming Laptop,68990,1
TUF Gaming F15 FX577ZC-HN192W Gaming Laptop,85990,1
LOQ 15IRH8 82XV00BQIN 2023 Gaming Laptop,96990,1
Legion Y9000X 2023 Laptop,148990,1
TUF Gaming F17 FX707ZC4-HX067W Gaming Laptop,72990,1
Inspiron 5430 Laptop,84490,1
Vivobook 15 X1502ZA-EJ741WS Laptop,60990,1
INBook X2 Slim Series XL23 Laptop,33990,1
VivoBook 14 X415EA-EK344WS Notebook,35990,1
Aspire 7 A715-76G NH.QMFSI.004 Gaming Laptop,60990,1
Redmi Book 14 2023 Laptop,43990,1
Vivobook 16X 2023 K3605ZF-MB541WS Laptop,62990,1
GF63 Thin 11UC-1294IN Gaming Laptop,65990,1
INBook Y1 Plus Neo XL30 Laptop,23990,1
TUF Gaming F15 FX506HC-HN362WS Gaming Laptop,61990,1
Inspiron 3525 Laptop,36990,1
Vivobook 16X 2022 M1603QA-MB511WS Laptop,50970,1
Precision 5550 Laptop,184999,0
Omen 16-XD0007ax Gaming Laptop,109990,1
Pro Series Z ZEB-NBC 4S Laptop,42990,1
15s-fq5185TU Laptop,39150,1
Swift Go NXKPZSI002 Laptop,92999,1
Victus 16-s0095AX Gaming Laptop,80990,1
Victus 15-FB1001AX Gaming Laptop,55850,1
Aspire Lite AL15-51 UN.431SI.288 Laptop,38990,1
Thin GF63 11UCX-1492IN Gaming Laptop,53990,1
INBook X3 Slim XL422 Laptop,38990,1
Omen 16-xf0060AX Gaming Laptop,139234,1
Thin GF63 11UC-1490IN Gaming Laptop,57990,1
LOQ 2023 Gaming Laptop,89999,1
One 14 Z8-415 ‎2023 Laptop,37990,1
VivoBook 14 X415EA-EK326WS Notebook,30990,1
G15-5530 GN5530D83M6002ORB1 Gaming Laptop,92990,1
15s-fr5009TU Laptop,42990,1
TUF Gaming F15 FX506HF-HN025W Gaming Laptop,59089,1
Victus 15-fa0998TX Gaming Laptop,72999,1
Omen 16-n0123AX Gaming Laptop,126742,1
MacBook Air 15 2023 Laptop,126990,1
Galaxy Book2 NP550XED-KA1IN 15 Laptop,49990,1
Inspiron 5420 Laptop,74390,1
Inspiron 3520 D560871WIN9B Laptop,52990,1
IdeaPad Gaming 3 15IHU6 82K101EDIN Laptop,60990,1
Omen 16-n0079AX Gaming Laptop,98174,1
E41-55 Laptop,18990,1
VivoBook 15 X515EA-EJ522WS Laptop,38990,1
14s-fq1092au Laptop,41950,1
Mi Notebook Ultra Laptop,46990,1
Excelance CompBook Laptop,9999,1
Vivobook 15 X1502ZA-EJ385WS Laptop,40990,1
IdeaPad Gaming 3 82SB00V5IN Laptop,74990,1
ZEB-NBC 3S 2023 Laptop,33990,1
Pro Series Z ZEB-NBC 4S 2023 Laptop,39990,1
CX1101CMA-GJ0004 Chromebook,10990,1
Katana 15 B13UDXK-1482IN Gaming Laptop,88990,2
15s-fy5007TU Laptop,54990,1
ThinkBook 15 G5 21JFA00BIN Laptop,49990,1
Vivobook 16 2023 X1605VA-MB947WS Laptop,80739,1
Thinkpad E15 G4 21DJA0Y0IN Laptop,62990,1
Victus 15-fa1132TX Laptop,62990,1
Victus 15-fb1017AX Gaming Laptop,69501,1
IdeaPad Slim 5 14IAH8 83BF000UIN Laptop,59990,1
Victus 15-fb1015AX Gaming Laptop,54990,1
LOQ 15IRH8 82XV00F4IN 2023 Gaming Laptop,64990,1
Modern 15 B12M-612IN Laptop,37729,1
IdeaPad Gaming 3 82K2025MIN Laptop,50712,1
Modern 14 C11M-029IN Laptop,44990,1
CoreBook X Laptop,23990,1
15s-ey2001AU Laptop,49990,1
Pavilion 15-eg3079TU Laptop,72990,1
IdeaPad Slim 3 82H803B6IN Laptop,52101,1
INBook X2 Slim Series Laptop,28990,1
Pavilion 15s-fq5190TU Laptop,69490,1
Aspire 5 A515-58P NX.KHJSI.001 Gaming Laptop,39965,1
Aspire 5 14 A514-56GM 2023 Gaming Laptop,54990,1
Vivobook 15 X1502ZA-EJ532WS Laptop,46999,1
Vivobook S15 OLED 2023 S5504VA-MA543WS Laptop,83990,1
Victus 15-fb0108AX Gaming Laptop,51499,1
Vostro 3425 M552321WIN9S Laptop,50990,1
Chromebook 15a-na0012TU Laptop,23990,1
Aspire 3 A315-24P NX.KDESI.003 Laptop,27990,1
Pavilion x360 14-ek1010TU Laptop,79990,1
Galaxy Book 3 NP750XFG-KA3IN Laptop,84390,1
INBook Y1 Plus Laptop,24990,1
Galaxy Book 3 Ultra NP960XFH-XA1IN Laptop,281990,1
IdeaPad 1 15AMN7 82VG00EQIN Laptop,26590,1
INBook X2 Slim Series XL23 2023 Laptop,37990,1
Vivobook Pro 15 M6500RC-HN741WS Laptop,71189,1
Victus 16-s0095AX Gaming Laptop,85999,1
Yoga 7 82YM0074IN Laptop,93990,1
Zenbook Flip 14 OLED UP5401ZA-KU541WS Laptop,84990,1
Inspiron 3530 2023 Laptop,44190,1
Predator 16 NH.QLUSI.005 Laptop,159990,1
Victus 15-fb0134AX Gaming Laptop,52990,1
Aspire Lite 2023 AL15-51 Laptop,39990,1
Inspiron 2023 14 5430 Laptop,73990,1
IdeaPad Gaming 3 82K101L7IN Laptop,57500,1
Vivobook Pro 15 M6500QF-HN521WS Laptop,59990,1
Aspire 7 A715-76G UN.QMESI.004 Gaming Laptop,53990,1
VivoBook 14 X415EA-EK326WS Notebook,33990,1
Inspiron 5630 Laptop,75990,1
MacBook Air 15 2023 Laptop,144990,1
Vivobook 15 X1502ZA-EJ542WS Laptop,60539,1
Vivobook 15 M1502QA-EJ742WS Laptop,56990,1
Pavilion 15-eg3027TU Laptop,75533,1
G15-5530 GN553064GRM002ORB1 Gaming Laptop,74990,1
TUF Gaming A15 FA577NU-LP082W Gaming Laptop,94990,1
ROG Strix G16 2023 G614JV-N4141WS Gaming Laptop,179990,1
Vivobook 16X 2023 K3605ZC-MB541WS Laptop,77990,1
15s-fr5009TU Laptop,37990,1
15-fd0013TU Laptop,62990,1
Predator Helios Neo 16 PHN16-71 2023 Gaming Laptop,129999,1
Pavilion 15-eh2050AU Laptop,52990,1
Predator Helios Neo 16 PHN16-71 Laptop,104990,1
Book Prime CloudPro002 Laptop,47999,1
Predator Helios Neo 16 PHN16-71 Gaming Laptop,114499,1
Pavilion 15-eg2017TU Laptop,49990,1
Vivobook 15 X1502ZA-EJ953WS Laptop,39990,1
Nitro 5 AN515-47 2023 Gaming Laptop,68990,1
Nitro 5 AN515-47 Gaming Laptop,79990,1
GF63 Thin 11UC-1293IN Gaming Laptop,66490,2
Vivobook S14 Flip 2022 TN3402QA-LZ741WS Laptop,69990,1
Vivobook S15 OLED 2023 S5504VA-MA543WS Laptop,86490,1
15-fc0025AU Laptop,32790,1
ROG Zephyrus Duo 16,429990,1
Vostro 3425 M552321WIN9S Laptop,49990,1
Modern 14 C7M-062IN Laptop,43990,1
Modern 14 C11M-030IN Laptop,36990,1
Sword 15 A12VF-401IN Gaming Laptop,102990,2
Extensa 15 EX215-33 Laptop,29990,1
Pavilion x360 14-ek1010TU Laptop,77889,1
Galaxy Book 3 NP750XFG-KB1IN Laptop,69990,1
Galaxy Book 3 360 NP750QFG-KA3IN Laptop,138990,1
Victus 15-fb0777AX Gaming Laptop,51990,1
Galaxy Book 3 Laptop,69990,1
Vivobook Pro 15 OLED M3500QC-L1502WS Gaming Laptop,72990,1
Vivobook 16X M1603QA-MB512WS Laptop,50400,1
Latitude 3430 Laptop,108000,1
Inspiron 3520 Laptop,50990,1
IdeaPad Gaming 3 15IHU6 82K101EDIN Laptop,47990,1
Omen 16-n0079AX Gaming Laptop,91990,1
One 14 Z2-493 Laptop,25449,1
Aspire 3 A315-59 Laptop,33207,1
Pavilion 15s-FR5007TU Laptop,52990,1
Vostro 3425 Laptop,42434,1
15s-du3614TU Laptop,42200,1
Pavilion 15s-eq2182AU Laptop,41990,1
TUF Gaming A15 2022 FA577RE-HN055WS Gaming Laptop,80900,1
Vivobook 15 Touch X515EA-EZ311WS Laptop,38990,1
MacBook Air 2022 Laptop,135990,1
Vivobook S15 OLED K3502ZA-L501WS Laptop,72490,1
Vivobook S14 OLED S3402ZA-KM501WS Laptop,72490,1
Inspiron 3511 Laptop,35990,1
Mi Notebook Ultra Laptop,45989,1
Inspiron 3501 Laptop,52500,1
Latitude 3410 Laptop,59999,1
MacBook Air 2020 MGN73HN Laptop,112990,1
Pura NS14A6 Laptop,21990,1
MacBook Pro 16 Laptop,201498,1
Victus 15-fa1145TX Gaming Laptop,64990,1
Thinkpad E14 G4 21E3S00P00 Laptop,68999,0
Ideapad Gaming 3 15ARH7 82SB00QJIN Laptop,60990,1
Inspiron 3520 IN3520P9K46002ORS1 Laptop,40990,1
LOQ 15APH8 82XT004KIN Gaming Laptop,107690,1
V15 G4 Laptop,25490,1
15s-FR5012TU Laptop,38999,1
INBook Y1 Plus 15 XL28 Laptop,59990,1
Victus 15-FA1098TX Laptop,60990,1
Victus 15-fb1002AX Gaming Laptop,55500,1
Pavilion Plus ‎16-ab0456TX Laptop,124999,1
Omen 16-XD0007ax Gaming Laptop,104990,1
Katana 15 B12VGK-1295IN Gaming Laptop,136990,2
Legion Slim 5 82Y9009JIN Gaming Laptop,131990,1
IdeaPad Slim 3 14ITL6 82H701N3IN Laptop,36490,1
ROG Flow X13 GV302XV-MU016WS Gaming Laptop,188752,1
250 G9 7M657PA Laptop,36999,1
Yoga 7 82YL0095IN Laptop,92890,1
Inspiron 7430 2 in 1 2023 Laptop,57990,1
15s-fy5007TU Laptop,51999,1
Yoga Slim 6 83E00006IN Laptop,79990,1
IdeaPad Flex 5 14IRU8 82Y00051IN Laptop,76890,1
IdeaPad 1 15ALC7 82R400BSIN Laptop,37790,1
One 11 Z8-284 UN.013SI.033 Laptop,17990,1
15s-fy5006TU Laptop,38990,1
IdeaPad 3 15ITL6 82H803LJIN Laptop,41990,1
IdeaPad Slim 5 82XD005RIN Laptop,68990,2
Pavilion 14-dv2153TU Laptop,69990,1
TravelMate P2 TMP214-53 Business Laptop,56990,1
ROG Strix G15 G513RC-HN251WS Gaming Laptop,89990,1
Thin GF63 12UC-846IN Gaming Laptop,62990,2
IdeaPad Slim 3 82RK00VWIN Laptop,37990,1
IdeaPad Gaming 3 82SB00V4IN Laptop,58990,1
IdeaPad 1 15AMN7 82VG00EQIN Laptop,26990,1
ROG Strix G16 2023 G614JJ-N3088WS Gaming Laptop,94990,1
ROG Strix G17 G713RC-HX109WS Gaming Laptop,86189,1
FreeBook Laptop,37990,1
Legion Slim 7 16IRH8 82Y3007QIN Gaming Laptop,194990,1
IdeaPad Gaming 3 15IHU6 82K101PBIN Laptop,51990,1
IdeaPad Slim 3 82H803U0IN Laptop,31990,1
Aspire 5 A515-58M NX.KHFSI.003 Gaming Laptop,41990,1
VivoBook 15 X1500EA-EJ311W Laptop,31990,1
Vivobook 15 X1504ZA-NJ542WS Laptop,51390,1
Pavilion 15-eg3018TU Laptop,76900,1
15s-fq3066TU Laptop,27890,1
IdeaPad 3 82H803HRIN Laptop,56990,1
Vivobook Pro 15 M6500QC-HN751WS Laptop,73990,1
255 G9 841W6PA Laptop,24999,1
255 G8 7J035AA Laptop,33999,1
IdeaPad Slim 5 16IAH8 83BG000PIN Laptop,61990,1
Victus15-fb0147AX Gaming Laptop,47990,1
TUF Gaming F15  FX506HF-HN075W Gaming Laptop,53990,1
15S-EQ1550AU Laptop,31890,1
Vivobook Pro 15 M6500QF-HN541WS Creator Laptop,62390,1
Nuvobook Pro Laptop,49990,1
Nuvobook S1 Laptop,29990,1
INBook X3 Slim Series XL422 Laptop,49990,1
Vostro 3430 Laptop,43490,1
Inspiron 7430 2 in 1 Touch Laptop,95640,1
Omen 16-xf0060AX Gaming Laptop,125990,1
Pavilion 15-eg3017TU Laptop,72990,1
Thin GF63 11UCX-1497IN Gaming Laptop,47990,2
Victus  15-fa1060TX  Gaming Laptop,99999,1
Vivobook 15 X1504ZA-NJ325WS Laptop,40990,1
Zenbook Flip 14 OLED UP5401ZA-KU741WS Laptop,94990,1
VivoBook 15 X1500EA-EJ326WS Laptop,37990,1
LOQ 15IRH8 82XV00F4IN 2023 Gaming Laptop,73990,1
LOQ 15APH8 82XT009CIN 2023 Gaming Laptop,109990,1
Nitro 5 AN515-58 NH.QFHSI.008 Gaming Laptop,65999,1
Aspire Lite AL15-51 2023 Laptop,35990,1
Vivobook 15 X1504ZA-NJ321WS Laptop,37980,1
Modern 15 B11M-061IN Laptop,40789,1
Alienware M18 R1 2023 Gaming Laptop,450039,1
Vivobook 14X K3405ZFB-KM752WS Laptop,89990,1
Aspire 5 15 A515-58M Gaming Laptop,56990,1
NU14A1 Laptop,16990,1
Swift 3 OLED SF314-71 NX.K9PSI.003 Laptop,54990,1
Inspiron 14 5430 2023 Laptop,67000,1
ThinkBook 15 21JF002CIN Laptop,34499,1
Pavilion Plus ‎14-eh1047TU Laptop,107763,1
Inspiron 7430 2 in 1 Laptop,61490,1
Pavilion Plus 14-eh1022TU Laptop,80490,1
Ideapad Gaming 3 82SB00NXIN Laptop,57990,1
Modern 14 C11M-029IN Laptop,39990,1
Ideapad Flex 5i 14IAU7 82R70067IN Laptop,53990,1
Inspiron 3535 Laptop,44500,1
14-hr0000AU Laptop,48999,1
Envy 15-fe0032TU Laptop,116990,1
Aspire 3 NX.KDESI.008 Laptop,30990,1
IdeaPad Slim 3 82XQ008EIN Laptop,33790,1
Thin GF63 11UCX-1476IN Gaming Laptop,51990,2
Vivobook 15 X1504ZA-NJ521WS Laptop,45990,1
Thin GF63 11UC-1475IN Gaming Laptop,51990,2
V15 G3 IAP 82TTA00UIH Laptop,34099,1
Pavilion 15-EH3101AU Laptop,65600,1
V15 G4 82YU00W6IN Laptop,27990,1
V14 G3 IAP Laptop,46990,1
‎G16-7630 2023 Gaming Laptop,161590,1
Inspiron 7430 IC7430FD64T001ORS1 Laptop,98990,1
Legion 5 Pro 2023 Gaming Laptop,172990,1
One 14 Z8-415UN.599SI.009 Laptop,25990,1
Victus 15-fb0136AX Gaming Laptop,61990,1
Zenbook 14X OLED 2023 UM5401QA-KM751WS Laptop,76990,1
G15-5530 Gaming Laptop,126790,1
ROG Flow Z13 2023 GZ301VV-MU014WS Gaming Laptop,209990,1
ROG Strix G16 2023 G614JI-N4151WS Gaming Laptop,209990,1
ROG Strix G16 2023 G614JU-N3200WS Gaming Laptop,142990,1
Vivobook Pro 15 OLED K6502VU-MA951WS Laptop,156990,1
Vivobook 14X OLED 2023 K3405VCB-KM542WS Laptop,93980,1
TUF Gaming F17 FX706HF-HX018W Laptop,53990,1
15s-fy5002TU Laptop,51990,1
VivoBook 15 X515EA-EJ342WS Laptop,35990,1
15s-fy5003TU Laptop,37990,1
15-fc0030AU Laptop,46490,1
15-eg3036TU Laptop,90490,1
Victus 15-fb0122AX Gaming Laptop,55990,1
Vivobook Pro 16 OLED 2023 K6602VU-LZ952WS Laptop,159990,1
15-fd0011TU Laptop,57990,1
Predator Helios Neo 16 NH.QLTSI.002 Laptop,104990,1
Predator Helios Neo 16 NH.QLTSI.001 Laptop,99990,1
Cyborg 15 A12UCX-264IN Gaming Laptop,80500,2
Vostro 3425 Laptop,37990,1
15-fc0026AU Laptop,34250,1
Victus 15-fa1066TX Gaming Laptop,109990,1
15s-fq2738TU Laptop,33990,1
Zenbook S13 OLED 2023 UX5304VA-NQ542WS Laptop,79990,1
Vivobook 15 2023 X1502VA-NJ541WS Laptop,64990,1
Vivobook S15 OLED 2023 S5504VA-MA953WS Laptop,109990,1
Bravo 15 B5ED-035IN Gaming Laptop,62990,1
MateBook D14 2023 Laptop,58999,1
Titan GT77 HX 13VH-093IN Gaming Laptop,420000,2
E41-55 Laptop,23990,1
15-fc0028AU Laptop,42999,1
15s-eq2223AU Laptop,38861,1
V15 G3 82TTA00VIH Laptop,33590,1
Chromebook 15a-na0012TU Laptop,15990,1
Vivobook Go 14 2023 E1404FA-NK322WS Laptop,33980,1
Nitro 5 AN515-47 NH.QL3SI.001 Gaming Laptop,78400,1
Vivobook Pro 15 M6500QC-HN742WS Laptop,79990,1
Aspire 5 UN.K3JSI.004 Laptop,47990,1
Vivobook Pro 15 M6500QC-HN542WS Laptop,74990,1
Modern 15 B13M-291IN Laptop,45889,1
Zenbook 14 OLED 2023 UM3402YA-KM741WS Laptop,90990,1
Vivobook Go 15 OLED 2023 E1504FA-LK521WS Laptop,50990,1
Galaxy Book 3 NP750XFG-KA2IN Laptop,74990,1
INBook Y1 Plus XL28 Laptop,25990,1
Galaxy Book 3 360 13 NP730QFG-KA3IN Laptop,133990,1
Galaxy Book 3 Pro NP960XFG-KC2IN Laptop,165990,1
Galaxy Book 3 Pro 360 NP960QFG-KA1IN Laptop,163990,1
Galaxy Book 3 360 13 NP730QFG-KA2IN Laptop,109990,1
Galaxy Book 3 Pro 14 NP940XFG-KC4IN Laptop,139990,1
Galaxy Book 3 360 13 NP730QFG-KA1IN Laptop,109990,1
Galaxy Book 3 Pro NP960XFG-KC1IN Laptop,149990,1
Galaxy Book 3 Pro 360 NP960QFG-KA3IN Laptop,179990,1
Galaxy Book 3 Pro 360 NP960QFG-KA2IN Laptop,155990,1
Galaxy Book 3 Ultra Laptop,229900,1
V15 ‎82C70005UK Laptop,35990,1
15s-fq2717TU Laptop,37990,1
14s-dq2649TU Laptop,34999,1
MacBook Pro 14 inch Laptop,290990,1
MacBook Pro 14 inch Laptop,234990,1
Pavilion Plus 14-eh0037TU Laptop,82799,1
Vostro 3425 D552308WIN9B Laptop,31790,1
IdeaPad Gaming 3 15ACH6 82K2022XIN Laptop,60990,1
Thin GF63 12VF-268IN Laptop,86990,1
Vostro 3420 Laptop,52990,1
Vostro 3425 Laptop,38990,1
Vivobook Go 15 OLED 2023 E1504FA-LK545WS Laptop,52558,1
VivoBook 14 X1400EA-EK322WS Notebook,31990,1
15-fc0026AU Laptop,34499,1
Zenbook 14 OLED 2023 UX3402VA-KN541WS Laptop,94490,1
15s-fq2738TU Laptop,33800,1
Galaxy Book 3  NP750XFG-KB2IN Laptop,74390,1
Zenbook 14 Flip OLED 2023 UP3404VA-KN542WS Laptop,104490,1
Vivobook S15 OLED 2023 S5504VA-MA953WS Laptop,105739,1
Thinkpad E15 21E6S05A00 Laptop,45500,1
Vivobook Go 15 OLED 2023 E1504FA-LK541WS Laptop,50760,1
Vivobook Go 14 2023 E1404FA-NK542WS Laptop,49990,1
Vivobook Go 14 2023 E1404FA-NK322WS Laptop,33199,1
Vivobook Pro 15 M6500QC-HN742WS Laptop,70990,1
Nitro 5 AN515-47 NH.QL3SI.001 Gaming Laptop,64990,1
Vivobook 16 2023 M1605YA-MB541WS Laptop,59990,1
Zenbook 14 OLED 2023 UM3402YA-KM741WS Laptop,88990,1
Vivobook Go 15 2023 E1504FA-NJ522WS Laptop,44990,1
Pavilion Aero 13-be2047AU Laptop,77990,1
Vivobook 16 2023 M1605YA-MB741WS Laptop,70990,1
IdeaPad  82K2022TIN Gaming Laptop,55990,1
Megabook T1 Laptop,43999,1
Aspire 3 A315-24P NX.KDESI.004 Laptop,37990,1
Victus 15-fb0106AX Gaming Laptop,64990,1
IdeaPad Slim 1 82VG009MIN Laptop,32990,1
Galaxy Book 3 Pro 360 NP960QFG-KA3IN Laptop,179490,1
Zero Book Series ZL12 Laptop,56990,1
Victus 16-d0310TX Gaming Laptop,56990,1
VivoBook 15 X1500EA-EJ3381WS Laptop,34990,1
Pavilion Plus 14-eh0037TU Laptop,83249,1
Vostro 3420 Laptop,57990,1
Envy x360 13-bf0121TU  Laptop,85490,1
Vostro 3520 Laptop,55890,1
Vivobook 15 X1502ZA-EJ381WS Laptop,40689,1
Aspire 5 A515-57 2022 Laptop,48990,1
Pavilion 14-dv2014TU Laptop,66648,1
Aspire 5 A515-57 NX.K2VSI.002 Laptop,36990,1
G5 KE RC55KE Laptop,74990,2
Legion 5 Pro 82RF00E1IN Gaming Laptop,144990,1
Latitude 7420 Laptop,118499,3
V15 82KDA00XIH Laptop,35490,1
IdeaPad Flex 5 82R90068IN Laptop,62889,1
IdeaPad Gaming 3 82K201YAIN Laptop,63999,1
MagicBook 14 WDQ9BHNE Laptop,41990,1
VivoBook 14 2022 X1402ZA-MW311WS Laptop,49990,1
VivoBook 14 2022 X1402ZA-EK521WS Laptop,54990,1
IdeaPad Gaming 3 82SA00B2IN Laptop,119990,1
Creator M16 A12UD-633IN Laptop,85990,2
Creator Pro M16 A12UIS-634IN Gaming Laptop,85590,2
V15 82KDA01EIH Laptop,31990,1
Vivobook S14 Flip 2022 TN3402QA-LZ501WS Laptop,55800,1
Notebook Pro 120G Laptop,72422,1
Extensa 15 EX215-54 Laptop,31500,1
VivoBook 14 X415EA-EK322WS Notebook,37990,1
Victus 15-fb0050AX Gaming Laptop,63490,1
IdeaPad Slim 5 82SF008YIN Laptop,60990,1
IdeaPad Slim 3 82KU017EIN Laptop,39900,1
VivoBook 15 X1500EA-EJ322WS Laptop,33990,1
Pavilion 15s-fq5112TU Laptop,57580,1
ROG Zephyrus Duo 16 2022 GX650RXZ-LO227WS Gaming Laptop,339990,1
15s-fq2672TU Laptop,34999,1
15s-fq5111TU Laptop,54990,1
15s-dr3506TU Laptop,35999,1
15s-du3614TU Laptop,41710,1
Vostro 5625 laptop,50090,1
Pavilion 14s- fy1003AU Laptop,45890,1
15s-eq1559AU Laptop,29990,1
15s-FR2511TU Laptop,37672,1
G15-5525 Gaming Laptop,83523,1
Aspire 5 A515-57G Gaming Laptop,52128,1
Aspire 3 A315-59 Laptop,39990,1
Inspiron 3525 Laptop,54790,1
Predator Triton 500 SE PT516-52s NH.QFQSI.001 Laptop,147090,1
Pavilion 14-dv2041TU Laptop,67990,1
Thin GF63 11SC-853IN Gaming Laptop,49290,2
TUF Gaming F15 FX506LHB-HN355WS Gaming Laptop,51990,1
Pavilion 14-dv2015TU Laptop,83149,1
Pavilion 15s-FQ5009TU Laptop,54999,1
Galaxy Book2 15 Laptop,74990,1
IdeaPad Gaming 3 82K200X3IN Laptop,66990,1
Pavilion 15-eg2009TU Laptop,61990,1
Pavilion 14-ec1003AU Laptop,51573,1
Aspire 3 A315-58 Laptop UN.ADDSI.036 Laptop,31500,1
Extensa EX215-54 NX.EGJSI.00E Laptop,29000,1
15s-eq2143au Laptop,32990,1
Ideapad 15ALC6 82KU017KIN Laptop,36990,1
MacBook Pro 14 inch MKGQ3HN Laptop,239900,1
MacBook Pro 16 inch MK1A3HN Laptop,309490,1
Inspiron 3511 Laptop,49990,1
Inspiron 3511 Laptop,40250,1
VivoBook F571LH-BQ435T Gaming Laptop,59990,1
Inspiron 3511 Laptop,57990,1
Book Slim Laptop,36999,1
RedmiBook Pro 15 Laptop,53990,1
RedmiBook Pro 14 Laptop,48990,1
SE14 NP14V3IN033P Laptop,39990,2
15s-GR0012AU Laptop,37290,1
Surface Laptop 3 1873,60390,1
MateBook D15 Laptop,54999,1
EliteBook 840 G6,90464,3
Swift SF514-52T NX.GTMSI.025 Laptop,54490,1
MacBook Pro 2018 13-inch Touch Bar Laptop,199900,1
Latitude 13 5320 2 in 1 Laptop,89999,1
Latitude 9430 Laptop,260000,1
Aspire Lite 15 AL15-51 2023  Laptop,45999,1
Thinkpad P16s 21BTS0DG00 Laptop,106990,3
ThinkPad X1 Carbon 21HMS00000 Laptop,221990,1
Predator Triton 500 SE PT516-52s NH.QFQSI.001 Laptop,146990,1
TUF Gaming F15 FX506LHB-HN355WS Gaming Laptop,52990,1
Swift 3 SF314-512 NX.K0FSI.002 Laptop,59990,1
Inspiron 15 3511 Laptop,52990,1
Galaxy Book2 15 Laptop,64490,1
Galaxy Book2 Laptop,78990,1
Galaxy Book2 15 Laptop,59900,1
Pavilion 14-EC1019AU Laptop,55990,1
V15-IGL 82C3A008IH Laptop,19990,1
Book Prime Laptop,47990,1
Galaxy Book2 Pro 360 13 Laptop,112990,1
Galaxy Book2 Pro 13 Laptop,101990,1
Galaxy Book2 Pro 360 13 Laptop,102990,1
Vivobook 13 Slate OLED T3300KA-LQ122WS Laptop,33499,1
15s-eq2143au Laptop,33999,1
MacBook Pro 16 inch MK183HN Laptop,215994,1
MacBook Pro 14 inch MKGQ3HN Laptop,215994,1
VivoBook X509FA-BR301T Laptop,26500,1
Mi Notebook Pro X 15 Laptop,79990,1
Inspiron 5518 Laptop,68000,1
IdeaPad 3 15ITL6 82H8014BIN Laptop,47925,1
RedmiBook Pro 15 Laptop,59990,1
Latitude 3410 Laptop,67800,1
Surface Laptop 3 1873,60490,1
MacBook Air 2020 Laptop,72999,0
MacBook Air 2020 Laptop,109999,0
Inspiron 5370 Laptop,87990,1
ZBook 15 G6 Laptop,121900,0
ZenBook Pro 15 UX580GE-E2032T Laptop,136490,1
G5 MF-E2IN313SHLaptop,143700,2
15s-er2004AU Laptop,50490,1
Inspiron 3530 IN3530RMD8W001ORS1 Laptop,71990,1
G15-5530 15 2023 Gaming Laptop,136899,1
IdeaPad Flex 5 82R9008FIN Laptop,62990,1
Vivobook Go 14 E1404FA-NK547WS Laptop,43990,1
Aspire 3 A315-24P NX.KDESI.00B Laptop,33990,1
Vivobook 15X OLED M3504YA-LK552WS Laptop,58990,1
Pulse 15 B13VGK-1296IN Gaming Laptop,154990,2
Summit B15 A11M-236IN Laptop,69990,2
Thinkpad L14 Gen 2 ‎20X1S10V00 Laptop,50000,3
V15 G4 Laptop,36990,1
Vivobook 15X OLED M3504YA-LK741WS Laptop,76500,1
IdeaPad 3 15IAU7 82RK00WXIN Laptop,33990,1
IdeaPad 1 15AMN7 82VG00ERIN Laptop,32990,1
Vivobook 16X K3605VU-MB541WS Laptop,103221,1
Vivobook 16X K3605ZU-MB542WS Laptop,89990,1
IdeaPad Gaming 3 15IHU6 82K101R9IN Laptop,56990,1
Vivobook Go 14 E1404FA-NK543WS Laptop,44980,1
Vivobook Go 14 E410KA-EK013W Laptop,23990,1
Vivobook Pro 15 OLED M6500QC-LK741WS Laptop,76990,1
Chromebook CB314-3H NX.K04SI.008 Laptop,26920,1
Lite NU14U4INC44BN-CS Laptop,14490,1
Inspiron 3520 IN3520KTMFJS01ORS1 Laptop,38990,1
IdeaPad Gaming 3 15ACH6 82K20289IN Laptop,52990,1
Omen 17-ck2011TX Gaming Laptop,362999,1
Aspire 5 A515-58GM 15 2023 Gaming Laptop,64990,1
Nitro V ANV15-51 UN.QNASI.002 Gaming Laptop,62990,1
One 11 Z8-284 UN.013SI.032 Laptop,18990,1
Omen 16-u0022TX Gaming Laptop,169999,1
Omen 16-u0021TX Gaming Laptop,189999,1
Omen 16-u0024TX Gaming Laptop,298999,1
Pavilion Plus ‎14-ey0789AU Laptop,99999,1
Omen 17-ck2008AX Gaming Laptop,267999,1
IdeaPad Pro 5 83AQ005SIN Gaming Laptop,108990,3
IdeaPad Gaming 3 15IHU6 82K101R3IN Laptop,51990,1
TUF Gaming F17 FX706HF-HX019W Laptop,62608,1
Aspire 5 A515-57G-58R7 Gaming Laptop,57999,1
Inspiron 5430 IN5430FR0KC001ORS1 Laptop,62990,1
IdeaPad Slim 5 82XD005RIN Laptop,71990,2
Legion Pro 7 2023 82WQ007TIN Gaming Laptop,297990,1
Legion Slim 5 82YA00DXIN Gaming Laptop,138490,1
Legion 5 Pro 82JQ010EIN Laptop,103395,1
IdeaPad 5 Pro 82SN00F0IN Gaming Laptop,88990,3
CreatorPro Z16 HX B13VKTO-214IN Laptop,419990,2
IdeaPad Flex 5 14IRU8 82Y0004TIN Laptop,87990,1
IdeaPad Slim 3 82RK00EMIN Laptop,48990,1
Bravo 15 B7ED-011IN Gaming Laptop,79990,1
IdeaPad 3 15IAU7 82RK00XDIN Laptop,33990,1
14s-dr3002TU Laptop,26990,1
C734 NX.H8VSI.004 Chromebook Laptop,13990,1
TravelMate P2 TMP214-53 Business Laptop,49990,1
Bravo 15 B7ED-012IN Gaming Laptop,59990,1
ROG Strix G15 G513RC-HN251WS Gaming Laptop,91990,1
Vivobook 16 2023 X1605VA-MB957WS Laptop,95689,1
Chromebook CB314-3H NX.K04SI.007 Laptop,26732,1
Zbook FireFly 14 G8 4F0W6PA Laptop,89999,1
Vivobook S14 Flip TN3402QA-LZ751WS Laptop,69990,1
Vivobook S14 Flip TN3402QA-LZ551WS Laptop,65391,1
Thinkpad T14 Laptop,90000,1
IdeaPad Slim 3 82RK00VWIN Laptop,38390,1
IdeaPad 1 15AMN7 82VG00J5IN Laptop,40990,1
IdeaPad Gaming 3 82K2028AIN Laptop,50990,1
Vostro 3520 Laptop,47990,1
Inspiron 15 3520 IN352092K4N001ORS1 Laptop,59990,1
Vostro 3530 Laptop,61990,1
V14 G4 Laptop,31990,1
Creator M16 B13VE-1271IN Laptop,129990,2
V15 G3 82TTA02UIH Laptop,49989,1
Vostro 3525 Laptop,42990,1
Creator Pro M16 B13VJ-1272IN Gaming Laptop,259990,2
IdeaPad Slim 3i 82X70032IN Laptop,44690,1
IdeaPad Flex 5 Gen 8 82XX0070IN Laptop,61990,1
ZBook Firefly 16 G9 6V2X7PA Workstation PC Laptop,123300,1
Inspiron 3530 15 Laptop,74499,1
IdeaPad Gaming 3 15IHU6 82K101PCIN Laptop,47990,1
Yoga 6 13ABR8 83B2007UIN Laptop,85990,1
IdeaPad Flex 5 82R900D4IN Laptop,61990,1
Neo NU14U3INT54BN Laptop,21990,1
Victus 15-fb0158AX Gaming Laptop,49990,1
Legion Slim 5 82Y9009KIN Gaming Laptop,112990,1
Legion Slim 5 16APH8 82Y90042IN Gaming Laptop,127990,1
Pavilion x360 14-ek1021TU Laptop,91590,1
Victus 15-fa1062TX Gaming Laptop,103060,1
15-fc0027AU Laptop,39600,1
Legion Slim 5 16APH8 82Y9008MIN Gaming Laptop,137590,1
ThinkBook 15 Gen 5 21JF0026MJ Laptop,53980,1
Swift Go 14 NX.KG3SI.005 Laptop,54990,1
VivoBook 15 X515MA-BR022WS Laptop,28099,1
Spectre 17-cs0097nr Foldable Laptop,415000,1
CH‎ 4ZR1L82433 Laptop,64990,2
CH‎ 4ZR1L82434 Laptop,84990,2
Megabook T1 Laptop,52999,1
Megabook T1 Laptop,34999,1
Vivobook 15X OLED M3504YA-LK752WS Laptop,65990,1
Victus 15-fb1016AX  Gaming Laptop,56990,1
ThinkPad E15 20TDS0AD00 Laptop,88999,1
Ideapad 3 15ITL06 82H803GUIN Laptop,35990,1
Yoga 7 82YL0060IN Laptop,111490,1
250 G9 7N179PA Laptop,50990,1
Thinkpad E15 21E6S07S00 Laptop,89500,1
Ideapad Slim 5 82XE004QIN Laptop,66388,1
Vivobook Pro 15 M6500QC-HN551WS Laptop,66990,1
Vivobook Pro 15 M6500QC-HN751WS Laptop,74990,1
255 G9 841W6PA Laptop,26990,1
15 Inspiron 3530 Laptop,65990,1
Vivobook 16X 2023 K3605ZC-MBN752WS Laptop,87990,1
Inspiron 3520 IN3520KTMFJS1ORGR1 Laptop,36480,1
Inspiron 3530 IN3530RW8JY001ORS1 Laptop,63989,1
TUF Gaming F15 90NR0GW1-M00F00 Laptop,90990,1
Vivobook 16X 2023 K3605ZV-MBN741WS Laptop,104990,1
240 G9 ALC 7M658PA Laptop,64800,1
Chromebook CX1400FKA-EC0158 Laptop,27990,1
Chromebook CX1400CKA-EK0335 Laptop,14990,1
Chromebook CX1500CKA-EJ0241 Laptop,22990,1
Chromebook CX1500CKA-EJ0277 Laptop,23990,1
250 G9 7M659PA Laptop,42900,1
G6 KF Gaming Laptop,130000,0
G5 KF-E3IN313SH Laptop,94990,2
ThinkBook 15 G3 ACL 21A4003KUS Laptop,57990,1
Vivobook 16X K3605ZU-MBN742WS Laptop,104222,1
UH-X ‎4ZR1M37246 Laptop,69990,2
IdeaPad Slim 5 82XE0072IN Laptop,63990,1
IdeaPad Slim 3 82XQ008UIN Laptop,48990,1
V15 G3 IAP 82TT004VIH Laptop,46990,1
Victus 15-fb1015AX Gaming Laptop,55990,1
Vivobook 16X K3605ZC-MBN542WS Laptop,66990,1
Vivobook 16X K3605ZU-MBN541WS Laptop,89990,1
Thin GF63 11UC-1291IN Gaming Laptop,62990,2
Katana 15 B12UDXK-1004IN Gaming Laptop,85990,2
Thinkpad E15 21E6S0W700 Laptop,47100,1
Yoga 7 82YM004UIN Laptop,91990,1
Vivobook Pro 15 OLED M6500QC-LK541WS Laptop,67990,1
TMP214-41-G3 UN.VSQSI.007 Notebook,39990,1
TMP214-41-G3 UN.VSQSI.006 Notebook,36990,1
Vivobook Go 14 2023 E1404FA-NK327WS Laptop,33990,1
V14 82KAA055IH Laptop,43800,1
Omen 16-xf0043AX Gaming Laptop,179490,1
Aero 14 OLED BMF Laptop,164990,2
Inspiron 5430 IN54308DXWP001ORS1 Laptop,84990,1
UH-X ‎4ZR1L73352 2-in-1 Laptop,104990,2
TUF Gaming F15 FX506HF-HN076W Gaming Laptop,57990,1
Victus 15-fb1018AX Gaming Laptop,58990,1
Alienware x15 R2 D569947WIN9 Gaming Laptop,304990,1
Vivobook Go 14 2023 E1404FA-NK325WS Laptop,33990,1
Elite NU14U3INF56BN-CS Laptop,28990,1
Aspire 3 Spin 14 NX.KENSI.002 Laptop,39900,1
IdeaPad 3 15ITL6 82H803GSIN Laptop,36490,1
IdeaPad Slim 5i 82XD0040IN Laptop,87490,1
Inspiron 3530 2023 Laptop,44990,1
Yoga 7 Flip 82YL005YIN Laptop,107990,1
Inspiron 3535 2023 Laptop,46900,1
Inspiron 13 5330 Laptop,98890,1
Inspiron 7430 2023 2 in 1 Laptop,76990,1
Inspiron 5330 2023 Laptop,86990,1
Inspiron 7430 2 in 1 Touch Laptop,86990,1
Vostro 3430 VN3430RHXFG001ORB1 Laptop,58490,1
Victus 15-FB0142AX Gaming Laptop,69199,1
Thin GF63 11SC-1494IN Gaming Laptop,45990,2
Thin GF63 12VF-663IN Gaming Laptop,94990,2
Katana 17 B12VFK-668IN Gaming Laptop,97990,2
Pulse 17 B13VGK-652IN Gaming Laptop,179990,2
Pulse 17 B13VGK-666IN Gaming Laptop,125990,2
Victus  15-fa1060TX  Gaming Laptop,116463,1
Victus 15-fa1064TX Gaming Laptop,109990,1
Omen 16-wf0052TX Gaming Laptop,153625,1
Omen 16-u0023TX Gaming Laptop,270129,1
Aorus 15 9SF Gaming Laptop,149990,2
IdeaPad Slim 5 82XE004RIN Laptop,58990,1
Envy x360 13-bf0141tu Laptop,107190,1
CoreBook X Pro Laptop,32999,1
Omen 16-wd0770TX Gaming Laptop,102090,1
Dragonfly G4 Laptop,231746,1
Vivobook 16X 2023 K3605ZC-MBN741WS Laptop,81990,1
Inspiron 3520 IN3520KTMFJ001ORS1 Laptop,36890,1
LOQ 15IRH8 82XV00F6IN 2023 Gaming Laptop,87990,1
Pavilion x360 14-ek1074TU Laptop,77990,1
Aorus 15 9KF Gaming Laptop,117574,2
LOQ 15APH8 82XT004JIN 2023 Gaming Laptop,97990,1
Vector GP68HX 13VH-072IN Gaming Laptop,284990,2
Vector GP78HX 13VI-409IN Gaming Laptop,344990,2
Omen 16-wf0111TX Gaming Laptop,146599,1
Aspire 5 A515-56G NX.AT2SI.001 Laptop,44990,1
IdeaPad Slim 5 Light 14ABR8 82XS002RIN Laptop,57990,1
Omen 16-xf0059AX Gaming Laptop,128599,1
Vivobook Go 15 E510MA-EJ001W Laptop,21990,1
Omen 16-wf0055TX Gaming Laptop,151990,1
INBook X2 Plus Laptop,52990,1
ThinkBook 14s Yoga 20WEA00WIH Laptop,119888,1
255 G8 Laptop,22990,1
Yoga 6 83B2006BIN Laptop,76888,1
XPS 15 9530 Laptop,256990,1
Inspiron 5330 Laptop,83090,1
Inspiron 5518 D560667WIN9S Laptop,67999,1
Nitro 5 AN515-58 NH.QFHSI.007 Gaming Laptop,96256,1
Prestige 14 Evo B12M-472IN Laptop,77990,1
Alienware X16 R1 2023 Gaming Laptop,323290,1
Inspiron 5425 Laptop,67990,1
Prestige 13 Evo B12M-085IN Laptop,82990,2
Alienware m16 2023 Gaming Laptop,199990,1
Aero 16 XE5 OLED Laptop,189999,2
Yoga 6 83B2005TIN Laptop,73990,3
Vivobook Pro 15 M6500QC-LK542WS Laptop,67990,1
ROG Zephyrus G16 2023 GU603ZU-N3023WS Laptop,142990,1
IdeaPad Flex 5 82R900D9IN Laptop,64990,1
Vivobook 16X 2023 K3605ZF-MBN741WS Laptop,84800,1
IdeaPad Flex 5 82XX007KIN Laptop,64990,1
Nitro 16 ‎AN16-41 Gaming Laptop,129990,1
Nitro 16 ‎AN16-41 2023 Gaming Laptop,114990,1
Aspire 5 2023 A515-58M Gaming Laptop,80000,1
Aspire 5 15 A515-58M Gaming Laptop,54990,1
Gram 14 2023 ‎‎14Z90R-G.CH54A2 Laptop,98999,1
Latitude 5420 Business Laptop,69990,1
Vivobook Pro 15 M6500QC-LK742WS Laptop,76990,1
UH-X ‎4ZR1L12857 Laptop,74990,2
UH-X ‎4ZR1L12856 Laptop,89990,2
15s-fq3073TU Laptop Intel Pentium Silver N6000/ 8GB/ 512GB SSD/ Win11 Home),29999,1
ZBook Firefly 16 G9 2023 Workstation Laptop,97705,1
ZBook Studio G9 16 Workstation WQUXGA Laptop,240707,1
ZBook Studio G9 WUXGA Workstation Laptop,234990,1
ZBook Studio G9 16 WUXGA Workstation Laptop,209990,1
ZBook Studio G9 2023 Workstation WQUXGA Laptop,390914,1
ZBook Studio G9 Workstation WQUXGA Laptop,172588,1
ZBook Studio G9 Workstation Laptop,254657,1
gram360 16 Laptop,152499,1
IdeaPad 1 82V6005CIN Laptop,23990,1
ROG Zephyrus G14 GA402NJ-L8094WS Gaming Laptop,119990,1
UltraPC 16 ‎16U70R-G.AH56A2 Laptop,78299,1
Gram 14 2023 ‎14Z90R-G.CH75A2 Laptop,115990,1
Vivobook 15 2023 X1504VA-NJ544WS Laptop,61990,1
255 G8 6E3Z0PA Laptop,26999,1
Omen 16-wd0990TX Gaming Laptop,103099,1
Zerobook 13 ZL513 2023 Laptop,64990,1
S14 Gen 3 82TW001CIH Laptop,47990,2
IdeaPad 1 14IGL7 82V6005EIN Laptop,24990,1
ThinkPad T14 Gen 2 20W0S16Q00 Laptop,130800,1
Thin GF63 11SC-1462IN Gaming Laptop,57990,2
ThinkBook 15 21JF002CIN Laptop,38500,1
Thin GF63 11SC-1477IN Gaming Laptop,47990,2
ThinkPad E14 21JRS00Y00 Laptop,44990,1
Katana GF66 12UCOK 2023 Gaming Laptop,69990,2
Vivobook 15 2023 X1504VA-NJ543WS Laptop,61990,1
Vivobook 16X 2023 K3605ZU-MB541WS Laptop,89990,1
Vivobook 15 OLED 2023 X1505VAU-LK543WS Laptop,65990,1
ThinkPad E14 21JRS00T00 Laptop,58990,1
Envy x360 15-fe0028TU Laptop,94990,1
Envy x360 15-fh0019AU Laptop,86490,1
Envy x360 15-fh0015AU Laptop,77490,1
Envy x360 15-fh0016AU Laptop,85490,1
IdeaPad Slim 3 2023 82X70033IN Laptop,44000,1
14-em0027AU Laptop,51990,1
Vostro 15 3510 Laptop,37990,1
14-em0025AU Laptop,34990,1
ThinkPad E14 21JRS00U00 Laptop,57799,1
Thinkpad E15 21E6S05B00 Laptop,65990,1
Thinkbook 15 21DJ00EXIH Laptop,53990,1
IdeaPad Gaming 3 15ACH6 82K2025JIN Laptop,49990,1
Stealth 15 A13VF-074IN Gaming Laptop,171990,2
14-gr0000TU Laptop,44990,1
Envy 15-fe0032TU Laptop,115990,1
14-hr0000AU Laptop,50990,1
Envy 15-fe0030TU Laptop,109990,1
One 14 Z2-493 Laptop,29990,1
ROG Zephyrus G14 2023 GA402XU-N2045WS Gaming Laptop,163999,1
TUF Gaming F15 FX506HF-HN026W Gaming Laptop,58990,1
Inspiron 5430 2023 Laptop,83990,1
Inspiron 3525 Laptop,43890,1
A16 Gaming Laptop,79999,1
IdeaPad 3 15ITL05 81X800N2IN Laptop,35490,1
Zbook Power G4-A ZHAN 99 Laptop,137890,1
Inspiron 7420 2in1 Laptop,94990,1
IdeaPad Gaming 3 15IAH7 82S9014KIN Laptop,67990,1
14-em0026AU Laptop,46990,1
Vivobook 16X 2023 K3605ZU-MB741WS Laptop,94990,1
GF75 Thin 10SCXR-007IN Laptop,83500,1
Cyborg 15 A12VE-051IN Gaming Laptop,91990,2
Cyborg 15 A12VF-049IN Gaming Laptop,111990,2
250 G9 701H5PA Laptop,67990,1
Thinkpad E14 21E3S06300 Laptop,67999,1
‎ThinkPad E14 Gen 4 21E3S06Q00 Laptop,46200,1
Vostro 5620 Laptop,52998,1
Vostro 3525 D560926WIN9B Laptop,45499,1
‎ThinkPad E14 Gen 4 21E3S06D00 Laptop,49999,1
Aspire 3 A315-510P Laptop,29980,1
Inspiron 16 5635 Laptop,57290,1
Pavilion 14-dv1043TU Laptop,58990,1
Blade 14 2023 Gaming Laptop,199990,1
Bravo 15 C7UDXK-092IN Gaming Laptop,79990,2
Bravo 15 C7UDXK-093IN Gaming Laptop,78990,2
Aspire 5 A514-56M 2023 Gaming Laptop,51990,1
Bravo 17 C7VFK-034IN Gaming Laptop,104990,1
Bravo 15 C7VFK-087IN Gaming Laptop,104990,1
One 14 2023 Z8-415 ‎Laptop,39990,1
Thin GF63 11UCX-1441IN Gaming Laptop,59990,2
Thin GF63 11UCX-1471IN Gaming Laptop,47990,2
Vivobook 15 X1504ZA-NJ521WS Laptop,47890,1
Bravo 15 C7VEK-089IN Gaming Laptop,85490,1
Bravo 15 C7VEK-088IN Gaming Laptop,94990,1
Bravo 17 C7VEK-035IN Gaming Laptop,95490,1
255 G9 7M654PA Laptop,54999,1
ThinkPad T14 2022 Laptop,159000,1
Inspiron 5620 ICC-C783531WIN8 Laptop,80610,1
Prestige 13 Evo A12M-085IN Laptop,77990,2
XPS 17 9730 Laptop,303490,1
XPS 13 Plus 9320 2023 Laptop,201990,1
XPS 9530 2023 Laptop,278290,1
Legion Pro 7i 2023 Gaming Laptop,286200,1
Legion Slim 7i 2023 Gaming Laptop,157544,1
Legion Pro 5 82WM00B5IN 2023 Gaming Laptop,140990,1
Thinkpad E14 G4 21E3S02M00 Laptop,133000,1
Thinkpad E14 G4 21E3006UIG Laptop,72500,1
Gram 14 2023 14Z90R Laptop,127000,1
Gram 17 2023 17Z90R-G.CH77A2 Laptop,146990,1
Gram 16 2023 16Z90R Laptop,142990,1
Gram 2 in 1 16 Laptop,205000,1
UltraPC 16 16U70R-G.AH76A2 Laptop,89799,1
Thinkbook 14 Gen 4 Laptop,63999,1
Inspiron 3525 D560927WIN9S Laptop,43490,1
Vayu Book LAP01 Laptop,12990,1
Vayu Book LAP02 Laptop,15990,1
Modern 14 C12M-444IN Laptop,36990,1
Vivobook 14X 90NB11H2-M004D0 Laptop,63990,1
S14 82TW0019IH Laptop,45990,1
V15 G2 ALC 82KDA01YIH Laptop,34990,1
ThinkBook 15 G3 ACL 21A4A08VIH Laptop,41490,1
Vivobook Pro 15 M6500QF-HN741WS  Laptop,64990,1
Victus 16 7K4J6PAACJ Laptop,57990,1
Aspire 7 A715-76G UN.QMESI.003 Gaming Laptop,54990,1
Alienware x14 R2 Gaming Laptop,208990,1
Vivobook S15 OLED 2023 S5504VA-MA554WS Laptop,91560,1
Thinkpad E14 20TA00J2IG Laptop,74000,3
V15 G3 Laptop,51999,1
V15 G3 ‎‎82C7007SGE Laptop,31990,1
IdeaPad 3 15ITL6 82H803HLIN Laptop,32490,1
IdeaPad 5 15ITL05 82FG01UUIN Laptop,74888,1
Victus 16-d0302TX Gaming Laptop,66500,1
‎G16-7630 2023 Gaming Laptop,156799,1
2023 ‎G16-7630 Gaming Laptop,166899,1
Inspiron 7430 IC7430FD64T001ORS1 Laptop,89990,1
Omen 17-cm2003TX Gaming Laptop,171499,1
14s-dr3003TU 832T7PA Laptop,29999,1
IdeaPad 3 15ITL6 82H8038WIN Laptop,35998,2
Inspiron 15 3530 Laptop,44989,1
Aspire 3 A315-59 NX.K6TSI.00C Laptop,34990,1
INBook X2 Slim Series XL23 Laptop,48990,1
Inspiron 7430 IC7430PXXWC001ORS1 Laptop,72990,1
Inspiron 5430 IN54308TR2G001ORS1 Laptop,71570,1
Victus 15-fb0137AX Gaming Laptop,74990,1
Eeebook 15 E510MA-EJ011WS Laptop,25990,1
ProBook 445 G8 7K2J8PA Business Laptop,46490,1
Inspiron 5430 IN5430YXVW9M01ORS1 Laptop,64590,1
Inspiron 3530 IN3530NM1NN001ORS1 Laptop,63990,1
Creator Z17 HX Studio A13V Laptop,247999,3
Inspiron 7630 IC7630GHHRH001ORS1 2 in 1 Laptop,93990,1
Victus 15-fb0131AX Gaming Laptop,51990,1
Vivobook 16 2023 M1605YA-MB521WS Laptop,47990,1
V14 G3 82TSA01KIH Laptop,34390,1
Aspire 7 A715-76G NH.QMESI.003 Gaming Laptop,50990,1
15s-fq3071TU Laptop,28490,1
Katana 15 B12UDXK-1017IN Gaming Laptop,79990,2
Katana 15 B12UDXK-1019IN Gaming Laptop,79990,2
One 14 Z2-493 Business Laptop,29990,1
Victus 15-fb0135AX Gaming Laptop,59990,1
Swift Edge 16 2023 Laptop,107399,1
G15-5530 Gaming 2023 Laptop,129199,1
G15-5530 Gaming Laptop,119990,1
‎G16-7630 Gaming Laptop,187490,1
G15-5530 2023 Gaming Laptop,125699,1
Aspire Vero AV14-52P NX.KJTSI.002 Laptop,49990,1
Aspire 5 A515-58M NX.KHGSI.002 Gaming Laptop,56990,1
Vivobook 15X 2023 K3504VAB-NJ321WS Laptop,44990,1
TUF A15 FA577RM-HQ032WS Laptop,110000,1
ROG Zephyrus G14 2023 GA402XV-N2034WS Gaming Laptop,189990,1
TUF Gaming F15 2023 FX507VU-LP083WS Gaming Laptop,129990,1
TUF Gaming A15 2023 FA577XU-LP041WS Gaming Laptop,131990,1
TUF Gaming A15 2023 FA577XU-LP041WS Gaming Laptop,131990,1
TUF Gaming A15 2023 FA577XU-LP041WS Gaming Laptop,131990,1
TUF Gaming A15 2023 FA577XU-LP041WS Gaming Laptop,131990,1
TUF Gaming A15 2023 FA577XU-LP041WS Gaming Laptop,131990,1
TUF Gaming A15 2023 FA577XU-LP041WS Gaming Laptop,131990,1
TUF Gaming A15 2023 FA577XU-LP041WS Gaming Laptop,131990,1
TUF Gaming A15 2023 FA577XU-LP041WS Gaming Laptop,131990,1
TUF Gaming A15 2023 FA577XU-LP041WS Gaming Laptop,131990,1
TUF Gaming A15 2023 FA577XU-LP041WS Gaming Laptop,131990,1
TUF Gaming A15 2023 FA577XU-LP041WS Gaming Laptop,131990,1
TUF Gaming A15 2023 FA577XU-LP041WS Gaming Laptop,131990,1
TUF Gaming A15 2023 FA577XU-LP041WS Gaming Laptop,131990,1
TUF Gaming A15 2023 FA577XU-LP041WS Gaming Laptop,131990,1
TUF Gaming A15 2023 FA577XU-LP041WS Gaming Laptop,131990,1
TUF Gaming A15 2023 FA577XU-LP041WS Gaming Laptop,131990,1
TUF Gaming A15 2023 FA577XU-LP041WS Gaming Laptop,131990,1
TUF Gaming A15 2023 FA577XU-LP041WS Gaming Laptop,131990,1
TUF Gaming A15 2023 FA577XU-LP041WS Gaming Laptop,131990,1
TUF Gaming A15 2023 FA577XU-LP041WS Gaming Laptop,131990,1
TUF Gaming A15 2023 FA577XU-LP041WS Gaming Laptop,131990,1
TUF Gaming A15 2023 FA577XU-LP041WS Gaming Laptop,131990,1
TUF Gaming A15 2023 FA577XU-LP041WS Gaming Laptop,131990,1
TUF Gaming A15 2023 FA577XU-LP041WS Gaming Laptop,131990,1
TUF Gaming A15 2023 FA577XU-LP041WS Gaming Laptop,131990,1
TUF Gaming A15 2023 FA577XU-LP041WS Gaming Laptop,131990,1
TUF Gaming A15 2023 FA577XU-LP041WS Gaming Laptop,131990,1
TUF Gaming A15 2023 FA577XU-LP041WS Gaming Laptop,131990,1
TUF Gaming A15 2023 FA577XU-LP041WS Gaming Laptop,131990,1
TUF Gaming A15 2023 FA577XU-LP041WS Gaming Laptop,131990,1
TUF Gaming A15 2023 FA577XU-LP041WS Gaming Laptop,131990,1
TUF Gaming A15 2023 FA577XU-LP041WS Gaming Laptop,131990,1
TUF Gaming A15 2023 FA577XU-LP041WS Gaming Laptop,131990,1
TUF Gaming A15 2023 FA577XU-LP041WS Gaming Laptop,131990,1
TUF Gaming A15 2023 FA577XU-LP041WS Gaming Laptop,131990,1
TUF Gaming A15 2023 FA577XU-LP041WS Gaming Laptop,131990,1
TUF Gaming A15 2023 FA577XU-LP041WS Gaming Laptop,131990,1
TUF Gaming A15 2023 FA577XU-LP041WS Gaming Laptop,131990,1
TUF Gaming A15 2023 FA577XU-LP041WS Gaming Laptop,131990,1
TUF Gaming A15 2023 FA577XU-LP041WS Gaming Laptop,131990,1
TUF Gaming A15 2023 FA577XU-LP041WS Gaming Laptop,131990,1
TUF Gaming A15 2023 FA577XU-LP041WS Gaming Laptop,131990,1
TUF Gaming A15 2023 FA577XU-LP041WS Gaming Laptop,131990,1
TUF Gaming A15 2023 FA577XU-LP041WS Gaming Laptop,131990,1
TUF Gaming A15 2023 FA577XU-LP041WS Gaming Laptop,131990,1
TUF Gaming A15 2023 FA577XU-LP041WS Gaming Laptop,131990,1
TUF Gaming A15 2023 FA577XU-LP041WS Gaming Laptop,131990,1
TUF Gaming A15 2023 FA577XU-LP041WS Gaming Laptop,131990,1
TUF Gaming A15 2023 FA577XU-LP041WS Gaming Laptop,131990,1
TUF Gaming A15 2023 FA577XU-LP041WS Gaming Laptop,131990,1
TUF Gaming A15 2023 FA577XU-LP041WS Gaming Laptop,131990,1
TUF Gaming A15 2023 FA577XU-LP041WS Gaming Laptop,131990,1
TUF Gaming A15 2023 FA577XU-LP041WS Gaming Laptop,131990,1
TUF Gaming A15 2023 FA577XU-LP041WS Gaming Laptop,131990,1
TUF Gaming A15 2023 FA577XU-LP041WS Gaming Laptop,131990,1
TUF Gaming A15 2023 FA577XU-LP041WS Gaming Laptop,131990,1
TUF Gaming A15 2023 FA577XU-LP041WS Gaming Laptop,131990,1
TUF Gaming A15 2023 FA577XU-LP041WS Gaming Laptop,131990,1
TUF Gaming A15 2023 FA577XU-LP041WS Gaming Laptop,131990,1
TUF Gaming A15 2023 FA577XU-LP041WS Gaming Laptop,131990,1
TUF Gaming A15 2023 FA577XU-LP041WS Gaming Laptop,131990,1
TUF Gaming A15 2023 FA577XU-LP041WS Gaming Laptop,131990,1
TUF Gaming A15 2023 FA577XU-LP041WS Gaming Laptop,131990,1
TUF Gaming A15 2023 FA577XU-LP041WS Gaming Laptop,131990,1
TUF Gaming A15 2023 FA577XU-LP041WS Gaming Laptop,131990,1
TUF Gaming A15 2023 FA577XU-LP041WS Gaming Laptop,131990,1
TUF Gaming A15 2023 FA577XU-LP041WS Gaming Laptop,131990,1
TUF Gaming A15 2023 FA577XU-LP041WS Gaming Laptop,131990,1
TUF Gaming A15 2023 FA577XU-LP041WS Gaming Laptop,131990,1
TUF Gaming A15 2023 FA577XU-LP041WS Gaming Laptop,131990,1
TUF Gaming A15 2023 FA577XU-LP041WS Gaming Laptop,131990,1
TUF Gaming A15 2023 FA577XU-LP041WS Gaming Laptop,131990,1
TUF Gaming A15 2023 FA577XU-LP041WS Gaming Laptop,131990,1
TUF Gaming A15 2023 FA577XU-LP041WS Gaming Laptop,131990,1
TUF Gaming A15 2023 FA577XU-LP041WS Gaming Laptop,131990,1
TUF Gaming A15 2023 FA577XU-LP041WS Gaming Laptop,131990,1
TUF Gaming A15 2023 FA577XU-LP041WS Gaming Laptop,131990,1
TUF Gaming A15 2023 FA577XU-LP041WS Gaming Laptop,131990,1
TUF Gaming A15 2023 FA577XU-LP041WS Gaming Laptop,131990,1
TUF Gaming A15 2023 FA577XU-LP041WS Gaming Laptop,131990,1
TUF Gaming A15 2023 FA577XU-LP041WS Gaming Laptop,131990,1
TUF Gaming A15 2023 FA577XU-LP041WS Gaming Laptop,131990,1
TUF Gaming A15 2023 FA577XU-LP041WS Gaming Laptop,131990,1
TUF Gaming A15 2023 FA577XU-LP041WS Gaming Laptop,131990,1
TUF Gaming A15 2023 FA577XU-LP041WS Gaming Laptop,131990,1
TUF Gaming A15 2023 FA577XU-LP041WS Gaming Laptop,131990,1
TUF Gaming A15 2023 FA577XU-LP041WS Gaming Laptop,131990,1
TUF Gaming A15 2023 FA577XU-LP041WS Gaming Laptop,131990,1
TUF Gaming A15 2023 FA577XU-LP041WS Gaming Laptop,131990,1
TUF Gaming A15 2023 FA577XU-LP041WS Gaming Laptop,131990,1
TUF Gaming A15 2023 FA577XU-LP041WS Gaming Laptop,131990,1
TUF Gaming A15 2023 FA577XU-LP041WS Gaming Laptop,131990,1
TUF Gaming A15 2023 FA577XU-LP041WS Gaming Laptop,131990,1
TUF Gaming A15 2023 FA577XU-LP041WS Gaming Laptop,131990,1
TUF Gaming A15 2023 FA577XU-LP041WS Gaming Laptop,131990,1
TUF Gaming A15 2023 FA577XU-LP041WS Gaming Laptop,131990,1
TUF Gaming A15 2023 FA577XU-LP041WS Gaming Laptop,131990,1
TUF Gaming A15 2023 FA577XU-LP041WS Gaming Laptop,131990,1
TUF Gaming A15 2023 FA577XU-LP041WS Gaming Laptop,131990,1
TUF Gaming A15 2023 FA577XU-LP041WS Gaming Laptop,131990,1
TUF Gaming A15 2023 FA577XU-LP041WS Gaming Laptop,131990,1
TUF Gaming A15 2023 FA577XU-LP041WS Gaming Laptop,131990,1
TUF Gaming A15 2023 FA577XU-LP041WS Gaming Laptop,131990,1
TUF Gaming A15 2023 FA577XU-LP041WS Gaming Laptop,131990,1
TUF Gaming A15 2023 FA577XU-LP041WS Gaming Laptop,131990,1
TUF Gaming A15 2023 FA577XU-LP041WS Gaming Laptop,131990,1
TUF Gaming A15 2023 FA577XU-LP041WS Gaming Laptop,131990,1
TUF Gaming A15 2023 FA577XU-LP041WS Gaming Laptop,131990,1
TUF Gaming A15 2023 FA577XU-LP041WS Gaming Laptop,131990,1
TUF Gaming A15 2023 FA577XU-LP041WS Gaming Laptop,131990,1
TUF Gaming A15 2023 FA577XU-LP041WS Gaming Laptop,131990,1
TUF Gaming A15 2023 FA577XU-LP041WS Gaming Laptop,131990,1
TUF Gaming A15 2023 FA577XU-LP041WS Gaming Laptop,131990,1
TUF Gaming A15 2023 FA577XU-LP041WS Gaming Laptop,131990,1
TUF Gaming A15 2023 FA577XU-LP041WS Gaming Laptop,131990,1
TUF Gaming A15 2023 FA577XU-LP041WS Gaming Laptop,131990,1
TUF Gaming A15 2023 FA577XU-LP041WS Gaming Laptop,131990,1
TUF Gaming A15 2023 FA577XU-LP041WS Gaming Laptop,131990,1
TUF Gaming A15 2023 FA577XU-LP041WS Gaming Laptop,131990,1
TUF Gaming A15 2023 FA577XU-LP041WS Gaming Laptop,131990,1
TUF Gaming A15 2023 FA577XU-LP041WS Gaming Laptop,131990,1
TUF Gaming A15 2023 FA577XU-LP041WS Gaming Laptop,131990,1
TUF Gaming A15 2023 FA577XU-LP041WS Gaming Laptop,131990,1
TUF Gaming A15 2023 FA577XU-LP041WS Gaming Laptop,131990,1
TUF Gaming A15 2023 FA577XU-LP041WS Gaming Laptop,131990,1
TUF Gaming A15 2023 FA577XU-LP041WS Gaming Laptop,131990,1
TUF Gaming A15 2023 FA577XU-LP041WS Gaming Laptop,131990,1
TUF Gaming A15 2023 FA577XU-LP041WS Gaming Laptop,131990,1
TUF Gaming A15 2023 FA577XU-LP041WS Gaming Laptop,131990,1
TUF Gaming A15 2023 FA577XU-LP041WS Gaming Laptop,131990,1
TUF Gaming A15 2023 FA577XU-LP041WS Gaming Laptop,131990,1
TUF Gaming A15 2023 FA577XU-LP041WS Gaming Laptop,131990,1
TUF Gaming A15 2023 FA577XU-LP041WS Gaming Laptop,131990,1
TUF Gaming A15 2023 FA577XU-LP041WS Gaming Laptop,131990,1
TUF Gaming A15 2023 FA577XU-LP041WS Gaming Laptop,131990,1
TUF Gaming A15 2023 FA577XU-LP041WS Gaming Laptop,131990,1
TUF Gaming A15 2023 FA577XU-LP041WS Gaming Laptop,131990,1
TUF Gaming A15 2023 FA577XU-LP041WS Gaming Laptop,131990,1
TUF Gaming A15 2023 FA577XU-LP041WS Gaming Laptop,131990,1
TUF Gaming A15 2023 FA577XU-LP041WS Gaming Laptop,131990,1
TUF Gaming A15 2023 FA577XU-LP041WS Gaming Laptop,131990,1
TUF Gaming A15 2023 FA577XU-LP041WS Gaming Laptop,131990,1
TUF Gaming A15 2023 FA577XU-LP041WS Gaming Laptop,131990,1
TUF Gaming A15 2023 FA577XU-LP041WS Gaming Laptop,131990,1
TUF Gaming A15 2023 FA577XU-LP041WS Gaming Laptop,131990,1
TUF Gaming A15 2023 FA577XU-LP041WS Gaming Laptop,131990,1
TUF Gaming A15 2023 FA577XU-LP041WS Gaming Laptop,131990,1
TUF Gaming A15 2023 FA577XU-LP041WS Gaming Laptop,131990,1
TUF Gaming A15 2023 FA577XU-LP041WS Gaming Laptop,131990,1
TUF Gaming A15 2023 FA577XU-LP041WS Gaming Laptop,131990,1
TUF Gaming A15 2023 FA577XU-LP041WS Gaming Laptop,131990,1
TUF Gaming A15 2023 FA577XU-LP041WS Gaming Laptop,131990,1
TUF Gaming A15 2023 FA577XU-LP041WS Gaming Laptop,131990,1
TUF Gaming A15 2023 FA577XU-LP041WS Gaming Laptop,131990,1
TUF Gaming A15 2023 FA577XU-LP041WS Gaming Laptop,131990,1
TUF Gaming A15 2023 FA577XU-LP041WS Gaming Laptop,131990,1
TUF Gaming A15 2023 FA577XU-LP041WS Gaming Laptop,131990,1
TUF Gaming A15 2023 FA577XU-LP041WS Gaming Laptop,131990,1
TUF Gaming A15 2023 FA577XU-LP041WS Gaming Laptop,131990,1
TUF Gaming A15 2023 FA577XU-LP041WS Gaming Laptop,131990,1
TUF Gaming A15 2023 FA577XU-LP041WS Gaming Laptop,131990,1
TUF Gaming A15 2023 FA577XU-LP041WS Gaming Laptop,131990,1
TUF Gaming A15 2023 FA577XU-LP041WS Gaming Laptop,131990,1
TUF Gaming A15 2023 FA577XU-LP041WS Gaming Laptop,131990,1
TUF Gaming A15 2023 FA577XU-LP041WS Gaming Laptop,131990,1
TUF Gaming A15 2023 FA577XU-LP041WS Gaming Laptop,131990,1
TUF Gaming A15 2023 FA577XU-LP041WS Gaming Laptop,131990,1
TUF Gaming A15 2023 FA577XU-LP041WS Gaming Laptop,131990,1
TUF Gaming A15 2023 FA577XU-LP041WS Gaming Laptop,131990,1
TUF Gaming A15 2023 FA577XU-LP041WS Gaming Laptop,131990,1
TUF Gaming A15 2023 FA577XU-LP041WS Gaming Laptop,131990,1
TUF Gaming A15 2023 FA577XU-LP041WS Gaming Laptop,131990,1
TUF Gaming A15 2023 FA577XU-LP041WS Gaming Laptop,131990,1
TUF Gaming A15 2023 FA577XU-LP041WS Gaming Laptop,131990,1
TUF Gaming A15 2023 FA577XU-LP041WS Gaming Laptop,131990,1
TUF Gaming A15 2023 FA577XU-LP041WS Gaming Laptop,131990,1
TUF Gaming A15 2023 FA577XU-LP041WS Gaming Laptop,131990,1
TUF Gaming A15 2023 FA577XU-LP041WS Gaming Laptop,131990,1
TUF Gaming A15 2023 FA577XU-LP041WS Gaming Laptop,131990,1
TUF Gaming A15 2023 FA577XU-LP041WS Gaming Laptop,131990,1
TUF Gaming A15 2023 FA577XU-LP041WS Gaming Laptop,131990,1
TUF Gaming A15 2023 FA577XU-LP041WS Gaming Laptop,131990,1
TUF Gaming A15 2023 FA577XU-LP041WS Gaming Laptop,131990,1
TUF Gaming A15 2023 FA577XU-LP041WS Gaming Laptop,131990,1
TUF Gaming A15 2023 FA577XU-LP041WS Gaming Laptop,131990,1
TUF Gaming A15 2023 FA577XU-LP041WS Gaming Laptop,131990,1
TUF Gaming A15 2023 FA577XU-LP041WS Gaming Laptop,131990,1
TUF Gaming A15 2023 FA577XU-LP041WS Gaming Laptop,131990,1
TUF Gaming A15 2023 FA577XU-LP041WS Gaming Laptop,131990,1
TUF Gaming A15 2023 FA577XU-LP041WS Gaming Laptop,131990,1
TUF Gaming A15 2023 FA577XU-LP041WS Gaming Laptop,131990,1
TUF Gaming A15 2023 FA577XU-LP041WS Gaming Laptop,131990,1
TUF Gaming A15 2023 FA577XU-LP041WS Gaming Laptop,131990,1
TUF Gaming A15 2023 FA577XU-LP041WS Gaming Laptop,131990,1
TUF Gaming A15 2023 FA577XU-LP041WS Gaming Laptop,131990,1
TUF Gaming A15 2023 FA577XU-LP041WS Gaming Laptop,131990,1
TUF Gaming A15 2023 FA577XU-LP041WS Gaming Laptop,131990,1
TUF Gaming A15 2023 FA577XU-LP041WS Gaming Laptop,131990,1
TUF Gaming A15 2023 FA577XU-LP041WS Gaming Laptop,131990,1
TUF Gaming A15 2023 FA577XU-LP041WS Gaming Laptop,131990,1
TUF Gaming A15 2023 FA577XU-LP041WS Gaming Laptop,131990,1
TUF Gaming A15 2023 FA577XU-LP041WS Gaming Laptop,131990,1
TUF Gaming A15 2023 FA577XU-LP041WS Gaming Laptop,131990,1
TUF Gaming A15 2023 FA577XU-LP041WS Gaming Laptop,131990,1
TUF Gaming A15 2023 FA577XU-LP041WS Gaming Laptop,131990,1
TUF Gaming A15 2023 FA577XU-LP041WS Gaming Laptop,131990,1
TUF Gaming A15 2023 FA577XU-LP041WS Gaming Laptop,131990,1
TUF Gaming A15 2023 FA577XU-LP041WS Gaming Laptop,131990,1
TUF Gaming A15 2023 FA577XU-LP041WS Gaming Laptop,131990,1
TUF Gaming A15 2023 FA577XU-LP041WS Gaming Laptop,131990,1
TUF Gaming A15 2023 FA577XU-LP041WS Gaming Laptop,131990,1
TUF Gaming A15 2023 FA577XU-LP041WS Gaming Laptop,131990,1
TUF Gaming A15 2023 FA577XU-LP041WS Gaming Laptop,131990,1
TUF Gaming A15 2023 FA577XU-LP041WS Gaming Laptop,131990,1
TUF Gaming A15 2023 FA577XU-LP041WS Gaming Laptop,131990,1
TUF Gaming A15 2023 FA577XU-LP041WS Gaming Laptop,131990,1
TUF Gaming A15 2023 FA577XU-LP041WS Gaming Laptop,131990,1
TUF Gaming A15 2023 FA577XU-LP041WS Gaming Laptop,131990,1
TUF Gaming A15 2023 FA577XU-LP041WS Gaming Laptop,131990,1
TUF Gaming A15 2023 FA577XU-LP041WS Gaming Laptop,131990,1
TUF Gaming A15 2023 FA577XU-LP041WS Gaming Laptop,131990,1
TUF Gaming A15 2023 FA577XU-LP041WS Gaming Laptop,131990,1
TUF Gaming A15 2023 FA577XU-LP041WS Gaming Laptop,131990,1
TUF Gaming A15 2023 FA577XU-LP041WS Gaming Laptop,131990,1
TUF Gaming A15 2023 FA577XU-LP041WS Gaming Laptop,131990,1
TUF Gaming A15 2023 FA577XU-LP041WS Gaming Laptop,131990,1
TUF Gaming A15 2023 FA577XU-LP041WS Gaming Laptop,131990,1
TUF Gaming A15 2023 FA577XU-LP041WS Gaming Laptop,131990,1
TUF Gaming A15 2023 FA577XU-LP041WS Gaming Laptop,131990,1
TUF Gaming A15 2023 FA577XU-LP041WS Gaming Laptop,131990,1
TUF Gaming A15 2023 FA577XU-LP041WS Gaming Laptop,131990,1
TUF Gaming A15 2023 FA577XU-LP041WS Gaming Laptop,131990,1
TUF Gaming A15 2023 FA577XU-LP041WS Gaming Laptop,131990,1
TUF Gaming A15 2023 FA577XU-LP041WS Gaming Laptop,131990,1
TUF Gaming A15 2023 FA577XU-LP041WS Gaming Laptop,131990,1
TUF Gaming A15 2023 FA577XU-LP041WS Gaming Laptop,131990,1
TUF Gaming A15 2023 FA577XU-LP041WS Gaming Laptop,131990,1
TUF Gaming A15 2023 FA577XU-LP041WS Gaming Laptop,131990,1
TUF Gaming A15 2023 FA577XU-LP041WS Gaming Laptop,131990,1
TUF Gaming A15 2023 FA577XU-LP041WS Gaming Laptop,131990,1
TUF Gaming A15 2023 FA577XU-LP041WS Gaming Laptop,131990,1
TUF Gaming A15 2023 FA577XU-LP041WS Gaming Laptop,131990,1
TUF Gaming A15 2023 FA577XU-LP041WS Gaming Laptop,131990,1
TUF Gaming A15 2023 FA577XU-LP041WS Gaming Laptop,131990,1
TUF Gaming A15 2023 FA577XU-LP041WS Gaming Laptop,131990,1
TUF Gaming A15 2023 FA577XU-LP041WS Gaming Laptop,131990,1
TUF Gaming A15 2023 FA577XU-LP041WS Gaming Laptop,131990,1
TUF Gaming A15 2023 FA577XU-LP041WS Gaming Laptop,131990,1
TUF Gaming A15 2023 FA577XU-LP041WS Gaming Laptop,131990,1
TUF Gaming A15 2023 FA577XU-LP041WS Gaming Laptop,131990,1
TUF Gaming A15 2023 FA577XU-LP041WS Gaming Laptop,131990,1
TUF Gaming A15 2023 FA577XU-LP041WS Gaming Laptop,131990,1
TUF Gaming A15 2023 FA577XU-LP041WS Gaming Laptop,131990,1
TUF Gaming A15 2023 FA577XU-LP041WS Gaming Laptop,131990,1
TUF Gaming A15 2023 FA577XU-LP041WS Gaming Laptop,131990,1
TUF Gaming A15 2023 FA577XU-LP041WS Gaming Laptop,131990,1
TUF Gaming A15 2023 FA577XU-LP041WS Gaming Laptop,131990,1
TUF Gaming A15 2023 FA577XU-LP041WS Gaming Laptop,131990,1
TUF Gaming A15 2023 FA577XU-LP041WS Gaming Laptop,131990,1
TUF Gaming A15 2023 FA577XU-LP041WS Gaming Laptop,131990,1
TUF Gaming A15 2023 FA577XU-LP041WS Gaming Laptop,131990,1
TUF Gaming A15 2023 FA577XU-LP041WS Gaming Laptop,131990,1
TUF Gaming A15 2023 FA577XU-LP041WS Gaming Laptop,131990,1
TUF Gaming A15 2023 FA577XU-LP041WS Gaming Laptop,131990,1
TUF Gaming A15 2023 FA577XU-LP041WS Gaming Laptop,131990,1
TUF Gaming A15 2023 FA577XU-LP041WS Gaming Laptop,131990,1
TUF Gaming A15 2023 FA577XU-LP041WS Gaming Laptop,131990,1
TUF Gaming A15 2023 FA577XU-LP041WS Gaming Laptop,131990,1
TUF Gaming A15 2023 FA577XU-LP041WS Gaming Laptop,131990,1
TUF Gaming A15 2023 FA577XU-LP041WS Gaming Laptop,131990,1
TUF Gaming A15 2023 FA577XU-LP041WS Gaming Laptop,131990,1
TUF Gaming A15 2023 FA577XU-LP041WS Gaming Laptop,131990,1
TUF Gaming A15 2023 FA577XU-LP041WS Gaming Laptop,131990,1
TUF Gaming A15 2023 FA577XU-LP041WS Gaming Laptop,131990,1
TUF Gaming A15 2023 FA577XU-LP041WS Gaming Laptop,131990,1
TUF Gaming A15 2023 FA577XU-LP041WS Gaming Laptop,131990,1
TUF Gaming A15 2023 FA577XU-LP041WS Gaming Laptop,131990,1
TUF Gaming A15 2023 FA577XU-LP041WS Gaming Laptop,131990,1
TUF Gaming A15 2023 FA577XU-LP041WS Gaming Laptop,131990,1
TUF Gaming A15 2023 FA577XU-LP041WS Gaming Laptop,131990,1
TUF Gaming A15 2023 FA577XU-LP041WS Gaming Laptop,131990,1
TUF Gaming A15 2023 FA577XU-LP041WS Gaming Laptop,131990,1
TUF Gaming A15 2023 FA577XU-LP041WS Gaming Laptop,131990,1
TUF Gaming A15 2023 FA577XU-LP041WS Gaming Laptop,131990,1
TUF Gaming A15 2023 FA577XU-LP041WS Gaming Laptop,131990,1
TUF Gaming A15 2023 FA577XU-LP041WS Gaming Laptop,131990,1
TUF Gaming A15 2023 FA577XU-LP041WS Gaming Laptop,131990,1
TUF Gaming A15 2023 FA577XU-LP041WS Gaming Laptop,131990,1
TUF Gaming A15 2023 FA577XU-LP041WS Gaming Laptop,131990,1
TUF Gaming A15 2023 FA577XU-LP041WS Gaming Laptop,131990,1
TUF Gaming A15 2023 FA577XU-LP041WS Gaming Laptop,131990,1
TUF Gaming A15 2023 FA577XU-LP041WS Gaming Laptop,131990,1
TUF Gaming A15 2023 FA577XU-LP041WS Gaming Laptop,131990,1
TUF Gaming A15 2023 FA577XU-LP041WS Gaming Laptop,131990,1
TUF Gaming A15 2023 FA577XU-LP041WS Gaming Laptop,131990,1
TUF Gaming A15 2023 FA577XU-LP041WS Gaming Laptop,131990,1
TUF Gaming A15 2023 FA577XU-LP041WS Gaming Laptop,131990,1
TUF Gaming A15 2023 FA577XU-LP041WS Gaming Laptop,131990,1
TUF Gaming A15 2023 FA577XU-LP041WS Gaming Laptop,131990,1
TUF Gaming A15 2023 FA577XU-LP041WS Gaming Laptop,131990,1
TUF Gaming A15 2023 FA577XU-LP041WS Gaming Laptop,131990,1
TUF Gaming A15 2023 FA577XU-LP041WS Gaming Laptop,131990,1
TUF Gaming A15 2023 FA577XU-LP041WS Gaming Laptop,131990,1
TUF Gaming A15 2023 FA577XU-LP041WS Gaming Laptop,131990,1
TUF Gaming A15 2023 FA577XU-LP041WS Gaming Laptop,131990,1
TUF Gaming A15 2023 FA577XU-LP041WS Gaming Laptop,131990,1
TUF Gaming A15 2023 FA577XU-LP041WS Gaming Laptop,131990,1
TUF Gaming A15 2023 FA577XU-LP041WS Gaming Laptop,131990,1
TUF Gaming A15 2023 FA577XU-LP041WS Gaming Laptop,131990,1
TUF Gaming A15 2023 FA577XU-LP041WS Gaming Laptop,131990,1
TUF Gaming A15 2023 FA577XU-LP041WS Gaming Laptop,131990,1
TUF Gaming A15 2023 FA577XU-LP041WS Gaming Laptop,131990,1
TUF Gaming A15 2023 FA577XU-LP041WS Gaming Laptop,131990,1
TUF Gaming A15 2023 FA577XU-LP041WS Gaming Laptop,131990,1
TUF Gaming A15 2023 FA577XU-LP041WS Gaming Laptop,131990,1
TUF Gaming A15 2023 FA577XU-LP041WS Gaming Laptop,131990,1
TUF Gaming A15 2023 FA577XU-LP041WS Gaming Laptop,131990,1
TUF Gaming A15 2023 FA577XU-LP041WS Gaming Laptop,131990,1
TUF Gaming A15 2023 FA577XU-LP041WS Gaming Laptop,131990,1
TUF Gaming A15 2023 FA577XU-LP041WS Gaming Laptop,131990,1
TUF Gaming A15 2023 FA577XU-LP041WS Gaming Laptop,131990,1
TUF Gaming A15 2023 FA577XU-LP041WS Gaming Laptop,131990,1
TUF Gaming A15 2023 FA577XU-LP041WS Gaming Laptop,131990,1
TUF Gaming A15 2023 FA577XU-LP041WS Gaming Laptop,131990,1
TUF Gaming A15 2023 FA577XU-LP041WS Gaming Laptop,131990,1
TUF Gaming A15 2023 FA577XU-LP041WS Gaming Laptop,131990,1
TUF Gaming A15 2023 FA577XU-LP041WS Gaming Laptop,131990,1
TUF Gaming A15 2023 FA577XU-LP041WS Gaming Laptop,131990,1
TUF Gaming A15 2023 FA577XU-LP041WS Gaming Laptop,131990,1
TUF Gaming A15 2023 FA577XU-LP041WS Gaming Laptop,131990,1
TUF Gaming A15 2023 FA577XU-LP041WS Gaming Laptop,131990,1
TUF Gaming A15 2023 FA577XU-LP041WS Gaming Laptop,131990,1
TUF Gaming A15 2023 FA577XU-LP041WS Gaming Laptop,131990,1
TUF Gaming A15 2023 FA577XU-LP041WS Gaming Laptop,131990,1
TUF Gaming A15 2023 FA577XU-LP041WS Gaming Laptop,131990,1
TUF Gaming A15 2023 FA577XU-LP041WS Gaming Laptop,131990,1
TUF Gaming A15 2023 FA577XU-LP041WS Gaming Laptop,131990,1
TUF Gaming A15 2023 FA577XU-LP041WS Gaming Laptop,131990,1
TUF Gaming A15 2023 FA577XU-LP041WS Gaming Laptop,131990,1
TUF Gaming A15 2023 FA577XU-LP041WS Gaming Laptop,131990,1
TUF Gaming A15 2023 FA577XU-LP041WS Gaming Laptop,131990,1
TUF Gaming A15 2023 FA577XU-LP041WS Gaming Laptop,131990,1
TUF Gaming A15 2023 FA577XU-LP041WS Gaming Laptop,131990,1
TUF Gaming A15 2023 FA577XU-LP041WS Gaming Laptop,131990,1
TUF Gaming A15 2023 FA577XU-LP041WS Gaming Laptop,131990,1
TUF Gaming A15 2023 FA577XU-LP041WS Gaming Laptop,131990,1
TUF Gaming A15 2023 FA577XU-LP041WS Gaming Laptop,131990,1
TUF Gaming A15 2023 FA577XU-LP041WS Gaming Laptop,131990,1
TUF Gaming A15 2023 FA577XU-LP041WS Gaming Laptop,131990,1
TUF Gaming A15 2023 FA577XU-LP041WS Gaming Laptop,131990,1
TUF Gaming A15 2023 FA577XU-LP041WS Gaming Laptop,131990,1
TUF Gaming A15 2023 FA577XU-LP041WS Gaming Laptop,131990,1
TUF Gaming A15 2023 FA577XU-LP041WS Gaming Laptop,131990,1
TUF Gaming A15 2023 FA577XU-LP041WS Gaming Laptop,131990,1
TUF Gaming A15 2023 FA577XU-LP041WS Gaming Laptop,131990,1
TUF Gaming A15 2023 FA577XU-LP041WS Gaming Laptop,131990,1
TUF Gaming A15 2023 FA577XU-LP041WS Gaming Laptop,131990,1
TUF Gaming A15 2023 FA577XU-LP041WS Gaming Laptop,131990,1
TUF Gaming A15 2023 FA577XU-LP041WS Gaming Laptop,131990,1
TUF Gaming A15 2023 FA577XU-LP041WS Gaming Laptop,131990,1
TUF Gaming A15 2023 FA577XU-LP041WS Gaming Laptop,131990,1
TUF Gaming A15 2023 FA577XU-LP041WS Gaming Laptop,131990,1
TUF Gaming A15 2023 FA577XU-LP041WS Gaming Laptop,131990,1
TUF Gaming A15 2023 FA577XU-LP041WS Gaming Laptop,131990,1
TUF Gaming A15 2023 FA577XU-LP041WS Gaming Laptop,131990,1
TUF Gaming A15 2023 FA577XU-LP041WS Gaming Laptop,131990,1
TUF Gaming A15 2023 FA577XU-LP041WS Gaming Laptop,131990,1
TUF Gaming A15 2023 FA577XU-LP041WS Gaming Laptop,131990,1
TUF Gaming A15 2023 FA577XU-LP041WS Gaming Laptop,131990,1
TUF Gaming A15 2023 FA577XU-LP041WS Gaming Laptop,131990,1
TUF Gaming A15 2023 FA577XU-LP041WS Gaming Laptop,131990,1
TUF Gaming A15 2023 FA577XU-LP041WS Gaming Laptop,131990,1
TUF Gaming A15 2023 FA577XU-LP041WS Gaming Laptop,131990,1
TUF Gaming A15 2023 FA577XU-LP041WS Gaming Laptop,131990,1
TUF Gaming A15 2023 FA577XU-LP041WS Gaming Laptop,131990,1
TUF Gaming A15 2023 FA577XU-LP041WS Gaming Laptop,131990,1
TUF Gaming A15 2023 FA577XU-LP041WS Gaming Laptop,131990,1
TUF Gaming A15 2023 FA577XU-LP041WS Gaming Laptop,131990,1
TUF Gaming A15 2023 FA577XU-LP041WS Gaming Laptop,131990,1
TUF Gaming A15 2023 FA577XU-LP041WS Gaming Laptop,131990,1
TUF Gaming A15 2023 FA577XU-LP041WS Gaming Laptop,131990,1
TUF Gaming A15 2023 FA577XU-LP041WS Gaming Laptop,131990,1
TUF Gaming A15 2023 FA577XU-LP041WS Gaming Laptop,131990,1
TUF Gaming A15 2023 FA577XU-LP041WS Gaming Laptop,131990,1
TUF Gaming A15 2023 FA577XU-LP041WS Gaming Laptop,131990,1
TUF Gaming A15 2023 FA577XU-LP041WS Gaming Laptop,131990,1
TUF Gaming A15 2023 FA577XU-LP041WS Gaming Laptop,131990,1
TUF Gaming A15 2023 FA577XU-LP041WS Gaming Laptop,131990,1
TUF Gaming A15 2023 FA577XU-LP041WS Gaming Laptop,131990,1
TUF Gaming A15 2023 FA577XU-LP041WS Gaming Laptop,131990,1
TUF Gaming A15 2023 FA577XU-LP041WS Gaming Laptop,131990,1
TUF Gaming A15 2023 FA577XU-LP041WS Gaming Laptop,131990,1
TUF Gaming A15 2023 FA577XU-LP041WS Gaming Laptop,131990,1
TUF Gaming A15 2023 FA577XU-LP041WS Gaming Laptop,131990,1
TUF Gaming A15 2023 FA577XU-LP041WS Gaming Laptop,131990,1
TUF Gaming A15 2023 FA577XU-LP041WS Gaming Laptop,131990,1
TUF Gaming A15 2023 FA577XU-LP041WS Gaming Laptop,131990,1
TUF Gaming A15 2023 FA577XU-LP041WS Gaming Laptop,131990,1
TUF Gaming A15 2023 FA577XU-LP041WS Gaming Laptop,131990,1
TUF Gaming A15 2023 FA577XU-LP041WS Gaming Laptop,131990,1
TUF Gaming A15 2023 FA577XU-LP041WS Gaming Laptop,131990,1
TUF Gaming A15 2023 FA577XU-LP041WS Gaming Laptop,131990,1
TUF Gaming A15 2023 FA577XU-LP041WS Gaming Laptop,131990,1
TUF Gaming A15 2023 FA577XU-LP041WS Gaming Laptop,131990,1
TUF Gaming A15 2023 FA577XU-LP041WS Gaming Laptop,131990,1
TUF Gaming A15 2023 FA577XU-LP041WS Gaming Laptop,131990,1
TUF Gaming A15 2023 FA577XU-LP041WS Gaming Laptop,131990,1
TUF Gaming A15 2023 FA577XU-LP041WS Gaming Laptop,131990,1
TUF Gaming A15 2023 FA577XU-LP041WS Gaming Laptop,131990,1
TUF Gaming A15 2023 FA577XU-LP041WS Gaming Laptop,131990,1
TUF Gaming A15 2023 FA577XU-LP041WS Gaming Laptop,131990,1
TUF Gaming A15 2023 FA577XU-LP041WS Gaming Laptop,131990,1
TUF Gaming A15 2023 FA577XU-LP041WS Gaming Laptop,131990,1
TUF Gaming A15 2023 FA577XU-LP041WS Gaming Laptop,131990,1
TUF Gaming A15 2023 FA577XU-LP041WS Gaming Laptop,131990,1
TUF Gaming A15 2023 FA577XU-LP041WS Gaming Laptop,131990,1
TUF Gaming A15 2023 FA577XU-LP041WS Gaming Laptop,131990,1
TUF Gaming A15 2023 FA577XU-LP041WS Gaming Laptop,131990,1
TUF Gaming A15 2023 FA577XU-LP041WS Gaming Laptop,131990,1
TUF Gaming A15 2023 FA577XU-LP041WS Gaming Laptop,131990,1
TUF Gaming A15 2023 FA577XU-LP041WS Gaming Laptop,131990,1
TUF Gaming A15 2023 FA577XU-LP041WS Gaming Laptop,131990,1
TUF Gaming A15 2023 FA577XU-LP041WS Gaming Laptop,131990,1
TUF Gaming A15 2023 FA577XU-LP041WS Gaming Laptop,131990,1
TUF Gaming A15 2023 FA577XU-LP041WS Gaming Laptop,131990,1
TUF Gaming A15 2023 FA577XU-LP041WS Gaming Laptop,131990,1
TUF Gaming A15 2023 FA577XU-LP041WS Gaming Laptop,131990,1
TUF Gaming A15 2023 FA577XU-LP041WS Gaming Laptop,131990,1
TUF Gaming A15 2023 FA577XU-LP041WS Gaming Laptop,131990,1
TUF Gaming A15 2023 FA577XU-LP041WS Gaming Laptop,131990,1
TUF Gaming A15 2023 FA577XU-LP041WS Gaming Laptop,131990,1
TUF Gaming A15 2023 FA577XU-LP041WS Gaming Laptop,131990,1
TUF Gaming A15 2023 FA577XU-LP041WS Gaming Laptop,131990,1
TUF Gaming A15 2023 FA577XU-LP041WS Gaming Laptop,131990,1
TUF Gaming A15 2023 FA577XU-LP041WS Gaming Laptop,131990,1
TUF Gaming A15 2023 FA577XU-LP041WS Gaming Laptop,131990,1
TUF Gaming A15 2023 FA577XU-LP041WS Gaming Laptop,131990,1
TUF Gaming A15 2023 FA577XU-LP041WS Gaming Laptop,131990,1
TUF Gaming A15 2023 FA577XU-LP041WS Gaming Laptop,131990,1
TUF Gaming A15 2023 FA577XU-LP041WS Gaming Laptop,131990,1
TUF Gaming A15 2023 FA577XU-LP041WS Gaming Laptop,131990,1
TUF Gaming A15 2023 FA577XU-LP041WS Gaming Laptop,131990,1
TUF Gaming A15 2023 FA577XU-LP041WS Gaming Laptop,131990,1
TUF Gaming A15 2023 FA577XU-LP041WS Gaming Laptop,131990,1
TUF Gaming A15 2023 FA577XU-LP041WS Gaming Laptop,131990,1
TUF Gaming A15 2023 FA577XU-LP041WS Gaming Laptop,131990,1
TUF Gaming A15 2023 FA577XU-LP041WS Gaming Laptop,131990,1
TUF Gaming A15 2023 FA577XU-LP041WS Gaming Laptop,131990,1
TUF Gaming A15 2023 FA577XU-LP041WS Gaming Laptop,131990,1
TUF Gaming A15 2023 FA577XU-LP041WS Gaming Laptop,131990,1
TUF Gaming A15 2023 FA577XU-LP041WS Gaming Laptop,131990,1
TUF Gaming A15 2023 FA577XU-LP041WS Gaming Laptop,131990,1
TUF Gaming A15 2023 FA577XU-LP041WS Gaming Laptop,131990,1
TUF Gaming A15 2023 FA577XU-LP041WS Gaming Laptop,131990,1
TUF Gaming A15 2023 FA577XU-LP041WS Gaming Laptop,131990,1
TUF Gaming A15 2023 FA577XU-LP041WS Gaming Laptop,131990,1
TUF Gaming A15 2023 FA577XU-LP041WS Gaming Laptop,131990,1
TUF Gaming A15 2023 FA577XU-LP041WS Gaming Laptop,131990,1
TUF Gaming A15 2023 FA577XU-LP041WS Gaming Laptop,131990,1
TUF Gaming A15 2023 FA577XU-LP041WS Gaming Laptop,131990,1
TUF Gaming A15 2023 FA577XU-LP041WS Gaming Laptop,131990,1
TUF Gaming A15 2023 FA577XU-LP041WS Gaming Laptop,131990,1
TUF Gaming A15 2023 FA577XU-LP041WS Gaming Laptop,131990,1
TUF Gaming A15 2023 FA577XU-LP041WS Gaming Laptop,131990,1
TUF Gaming A15 2023 FA577XU-LP041WS Gaming Laptop,131990,1
TUF Gaming A15 2023 FA577XU-LP041WS Gaming Laptop,131990,1
TUF Gaming A15 2023 FA577XU-LP041WS Gaming Laptop,131990,1
TUF Gaming A15 2023 FA577XU-LP041WS Gaming Laptop,131990,1
TUF Gaming A15 2023 FA577XU-LP041WS Gaming Laptop,131990,1
TUF Gaming A15 2023 FA577XU-LP041WS Gaming Laptop,131990,1
TUF Gaming A15 2023 FA577XU-LP041WS Gaming Laptop,131990,1
TUF Gaming A15 2023 FA577XU-LP041WS Gaming Laptop,131990,1
TUF Gaming A15 2023 FA577XU-LP041WS Gaming Laptop,131990,1
TUF Gaming A15 2023 FA577XU-LP041WS Gaming Laptop,131990,1
TUF Gaming A15 2023 FA577XU-LP041WS Gaming Laptop,131990,1
TUF Gaming A15 2023 FA577XU-LP041WS Gaming Laptop,131990,1
TUF Gaming A15 2023 FA577XU-LP041WS Gaming Laptop,131990,1
TUF Gaming A15 2023 FA577XU-LP041WS Gaming Laptop,131990,1
TUF Gaming A15 2023 FA577XU-LP041WS Gaming Laptop,131990,1
TUF Gaming A15 2023 FA577XU-LP041WS Gaming Laptop,131990,1
TUF Gaming A15 2023 FA577XU-LP041WS Gaming Laptop,131990,1
TUF Gaming A15 2023 FA577XU-LP041WS Gaming Laptop,131990,1
TUF Gaming A15 2023 FA577XU-LP041WS Gaming Laptop,131990,1
TUF Gaming A15 2023 FA577XU-LP041WS Gaming Laptop,131990,1
TUF Gaming A15 2023 FA577XU-LP041WS Gaming Laptop,131990,1
TUF Gaming A15 2023 FA577XU-LP041WS Gaming Laptop,131990,1
TUF Gaming A15 2023 FA577XU-LP041WS Gaming Laptop,131990,1
TUF Gaming A15 2023 FA577XU-LP041WS Gaming Laptop,131990,1
TUF Gaming A15 2023 FA577XU-LP041WS Gaming Laptop,131990,1
TUF Gaming A15 2023 FA577XU-LP041WS Gaming Laptop,131990,1
TUF Gaming A15 2023 FA577XU-LP041WS Gaming Laptop,131990,1
TUF Gaming A15 2023 FA577XU-LP041WS Gaming Laptop,131990,1
TUF Gaming A15 2023 FA577XU-LP041WS Gaming Laptop,131990,1
TUF Gaming A15 2023 FA577XU-LP041WS Gaming Laptop,131990,1
TUF Gaming A15 2023 FA577XU-LP041WS Gaming Laptop,131990,1
TUF Gaming A15 2023 FA577XU-LP041WS Gaming Laptop,131990,1
TUF Gaming A15 2023 FA577XU-LP041WS Gaming Laptop,131990,1
TUF Gaming A15 2023 FA577XU-LP041WS Gaming Laptop,131990,1
TUF Gaming A15 2023 FA577XU-LP041WS Gaming Laptop,131990,1
TUF Gaming A15 2023 FA577XU-LP041WS Gaming Laptop,131990,1
TUF Gaming A15 2023 FA577XU-LP041WS Gaming Laptop,131990,1
TUF Gaming A15 2023 FA577XU-LP041WS Gaming Laptop,131990,1
TUF Gaming A15 2023 FA577XU-LP041WS Gaming Laptop,131990,1
TUF Gaming A15 2023 FA577XU-LP041WS Gaming Laptop,131990,1
TUF Gaming A15 2023 FA577XU-LP041WS Gaming Laptop,131990,1
TUF Gaming A15 2023 FA577XU-LP041WS Gaming Laptop,131990,1
TUF Gaming A15 2023 FA577XU-LP041WS Gaming Laptop,131990,1
TUF Gaming A15 2023 FA577XU-LP041WS Gaming Laptop,131990,1
TUF Gaming A15 2023 FA577XU-LP041WS Gaming Laptop,131990,1
TUF Gaming A15 2023 FA577XU-LP041WS Gaming Laptop,131990,1
TUF Gaming A15 2023 FA577XU-LP041WS Gaming Laptop,131990,1
TUF Gaming A15 2023 FA577XU-LP041WS Gaming Laptop,131990,1
TUF Gaming A15 2023 FA577XU-LP041WS Gaming Laptop,131990,1
TUF Gaming A15 2023 FA577XU-LP041WS Gaming Laptop,131990,1
TUF Gaming A15 2023 FA577XU-LP041WS Gaming Laptop,131990,1
TUF Gaming A15 2023 FA577XU-LP041WS Gaming Laptop,131990,1
TUF Gaming A15 2023 FA577XU-LP041WS Gaming Laptop,131990,1
TUF Gaming A15 2023 FA577XU-LP041WS Gaming Laptop,131990,1
TUF Gaming A15 2023 FA577XU-LP041WS Gaming Laptop,131990,1
TUF Gaming A15 2023 FA577XU-LP041WS Gaming Laptop,131990,1
TUF Gaming A15 2023 FA577XU-LP041WS Gaming Laptop,131990,1
TUF Gaming A15 2023 FA577XU-LP041WS Gaming Laptop,131990,1
TUF Gaming A15 2023 FA577XU-LP041WS Gaming Laptop,131990,1
TUF Gaming A15 2023 FA577XU-LP041WS Gaming Laptop,131990,1
TUF Gaming A15 2023 FA577XU-LP041WS Gaming Laptop,131990,1
TUF Gaming A15 2023 FA577XU-LP041WS Gaming Laptop,131990,1
TUF Gaming A15 2023 FA577XU-LP041WS Gaming Laptop,131990,1
TUF Gaming A15 2023 FA577XU-LP041WS Gaming Laptop,131990,1
TUF Gaming A15 2023 FA577XU-LP041WS Gaming Laptop,131990,1
TUF Gaming A15 2023 FA577XU-LP041WS Gaming Laptop,131990,1
TUF Gaming A15 2023 FA577XU-LP041WS Gaming Laptop,131990,1
TUF Gaming A15 2023 FA577XU-LP041WS Gaming Laptop,131990,1
TUF Gaming A15 2023 FA577XU-LP041WS Gaming Laptop,131990,1
TUF Gaming A15 2023 FA577XU-LP041WS Gaming Laptop,131990,1
TUF Gaming A15 2023 FA577XU-LP041WS Gaming Laptop,131990,1
TUF Gaming A15 2023 FA577XU-LP041WS Gaming Laptop,131990,1
TUF Gaming A15 2023 FA577XU-LP041WS Gaming Laptop,131990,1
TUF Gaming A15 2023 FA577XU-LP041WS Gaming Laptop,131990,1
TUF Gaming A15 2023 FA577XU-LP041WS Gaming Laptop,131990,1
TUF Gaming A15 2023 FA577XU-LP041WS Gaming Laptop,131990,1
TUF Gaming A15 2023 FA577XU-LP041WS Gaming Laptop,131990,1
TUF Gaming A15 2023 FA577XU-LP041WS Gaming Laptop,131990,1
TUF Gaming A15 2023 FA577XU-LP041WS Gaming Laptop,131990,1
TUF Gaming A15 2023 FA577XU-LP041WS Gaming Laptop,131990,1
TUF Gaming A15 2023 FA577XU-LP041WS Gaming Laptop,131990,1
TUF Gaming A15 2023 FA577XU-LP041WS Gaming Laptop,131990,1
TUF Gaming A15 2023 FA577XU-LP041WS Gaming Laptop,131990,1
TUF Gaming A15 2023 FA577XU-LP041WS Gaming Laptop,131990,1
TUF Gaming A15 2023 FA577XU-LP041WS Gaming Laptop,131990,1
TUF Gaming A15 2023 FA577XU-LP041WS Gaming Laptop,131990,1
TUF Gaming A15 2023 FA577XU-LP041WS Gaming Laptop,131990,1
TUF Gaming A15 2023 FA577XU-LP041WS Gaming Laptop,131990,1
TUF Gaming A15 2023 FA577XU-LP041WS Gaming Laptop,131990,1
TUF Gaming A15 2023 FA577XU-LP041WS Gaming Laptop,131990,1
TUF Gaming A15 2023 FA577XU-LP041WS Gaming Laptop,131990,1
TUF Gaming A15 2023 FA577XU-LP041WS Gaming Laptop,131990,1
TUF Gaming A15 2023 FA577XU-LP041WS Gaming Laptop,131990,1
TUF Gaming A15 2023 FA577XU-LP041WS Gaming Laptop,131990,1
TUF Gaming A15 2023 FA577XU-LP041WS Gaming Laptop,131990,1
TUF Gaming A15 2023 FA577XU-LP041WS Gaming Laptop,131990,1
TUF Gaming A15 2023 FA577XU-LP041WS Gaming Laptop,131990,1
TUF Gaming A15 2023 FA577XU-LP041WS Gaming Laptop,131990,1
TUF Gaming A15 2023 FA577XU-LP041WS Gaming Laptop,131990,1
TUF Gaming A15 2023 FA577XU-LP041WS Gaming Laptop,131990,1
TUF Gaming A15 2023 FA577XU-LP041WS Gaming Laptop,131990,1
TUF Gaming A15 2023 FA577XU-LP041WS Gaming Laptop,131990,1
TUF Gaming A15 2023 FA577XU-LP041WS Gaming Laptop,131990,1
TUF Gaming A15 2023 FA577XU-LP041WS Gaming Laptop,131990,1
TUF Gaming A15 2023 FA577XU-LP041WS Gaming Laptop,131990,1
TUF Gaming A15 2023 FA577XU-LP041WS Gaming Laptop,131990,1
TUF Gaming A15 2023 FA577XU-LP041WS Gaming Laptop,131990,1
TUF Gaming A15 2023 FA577XU-LP041WS Gaming Laptop,131990,1
TUF Gaming A15 2023 FA577XU-LP041WS Gaming Laptop,131990,1
TUF Gaming A15 2023 FA577XU-LP041WS Gaming Laptop,131990,1
TUF Gaming A15 2023 FA577XU-LP041WS Gaming Laptop,131990,1
TUF Gaming A15 2023 FA577XU-LP041WS Gaming Laptop,131990,1
TUF Gaming A15 2023 FA577XU-LP041WS Gaming Laptop,131990,1
TUF Gaming A15 2023 FA577XU-LP041WS Gaming Laptop,131990,1
TUF Gaming A15 2023 FA577XU-LP041WS Gaming Laptop,131990,1
TUF Gaming A15 2023 FA577XU-LP041WS Gaming Laptop,131990,1
TUF Gaming A15 2023 FA577XU-LP041WS Gaming Laptop,131990,1
TUF Gaming A15 2023 FA577XU-LP041WS Gaming Laptop,131990,1
TUF Gaming A15 2023 FA577XU-LP041WS Gaming Laptop,131990,1
TUF Gaming A15 2023 FA577XU-LP041WS Gaming Laptop,131990,1
TUF Gaming A15 2023 FA577XU-LP041WS Gaming Laptop,131990,1
TUF Gaming A15 2023 FA577XU-LP041WS Gaming Laptop,131990,1
TUF Gaming A15 2023 FA577XU-LP041WS Gaming Laptop,131990,1
TUF Gaming A15 2023 FA577XU-LP041WS Gaming Laptop,131990,1
TUF Gaming A15 2023 FA577XU-LP041WS Gaming Laptop,131990,1
TUF Gaming A15 2023 FA577XU-LP041WS Gaming Laptop,131990,1
TUF Gaming A15 2023 FA577XU-LP041WS Gaming Laptop,131990,1
TUF Gaming A15 2023 FA577XU-LP041WS Gaming Laptop,131990,1
TUF Gaming A15 2023 FA577XU-LP041WS Gaming Laptop,131990,1
TUF Gaming A15 2023 FA577XU-LP041WS Gaming Laptop,131990,1
TUF Gaming A15 2023 FA577XU-LP041WS Gaming Laptop,131990,1
TUF Gaming A15 2023 FA577XU-LP041WS Gaming Laptop,131990,1
TUF Gaming A15 2023 FA577XU-LP041WS Gaming Laptop,131990,1
TUF Gaming A15 2023 FA577XU-LP041WS Gaming Laptop,131990,1
TUF Gaming A15 2023 FA577XU-LP041WS Gaming Laptop,131990,1
TUF Gaming A15 2023 FA577XU-LP041WS Gaming Laptop,131990,1
TUF Gaming A15 2023 FA577XU-LP041WS Gaming Laptop,131990,1
TUF Gaming A15 2023 FA577XU-LP041WS Gaming Laptop,131990,1
TUF Gaming A15 2023 FA577XU-LP041WS Gaming Laptop,131990,1
TUF Gaming A15 2023 FA577XU-LP041WS Gaming Laptop,131990,1
TUF Gaming A15 2023 FA577XU-LP041WS Gaming Laptop,131990,1
TUF Gaming A15 2023 FA577XU-LP041WS Gaming Laptop,131990,1
TUF Gaming A15 2023 FA577XU-LP041WS Gaming Laptop,131990,1
TUF Gaming A15 2023 FA577XU-LP041WS Gaming Laptop,131990,1
TUF Gaming A15 2023 FA577XU-LP041WS Gaming Laptop,131990,1
TUF Gaming A15 2023 FA577XU-LP041WS Gaming Laptop,131990,1
TUF Gaming A15 2023 FA577XU-LP041WS Gaming Laptop,131990,1
TUF Gaming A15 2023 FA577XU-LP041WS Gaming Laptop,131990,1
TUF Gaming A15 2023 FA577XU-LP041WS Gaming Laptop,131990,1
TUF Gaming A15 2023 FA577XU-LP041WS Gaming Laptop,131990,1
TUF Gaming A15 2023 FA577XU-LP041WS Gaming Laptop,131990,1
TUF Gaming A15 2023 FA577XU-LP041WS Gaming Laptop,131990,1
TUF Gaming A15 2023 FA577XU-LP041WS Gaming Laptop,131990,1
TUF Gaming A15 2023 FA577XU-LP041WS Gaming Laptop,131990,1
TUF Gaming A15 2023 FA577XU-LP041WS Gaming Laptop,131990,1
TUF Gaming A15 2023 FA577XU-LP041WS Gaming Laptop,131990,1
TUF Gaming A15 2023 FA577XU-LP041WS Gaming Laptop,131990,1
TUF Gaming A15 2023 FA577XU-LP041WS Gaming Laptop,131990,1
TUF Gaming A15 2023 FA577XU-LP041WS Gaming Laptop,131990,1
TUF Gaming A15 2023 FA577XU-LP041WS Gaming Laptop,131990,1
TUF Gaming A15 2023 FA577XU-LP041WS Gaming Laptop,131990,1
TUF Gaming A15 2023 FA577XU-LP041WS Gaming Laptop,131990,1
TUF Gaming A15 2023 FA577XU-LP041WS Gaming Laptop,131990,1
TUF Gaming A15 2023 FA577XU-LP041WS Gaming Laptop,131990,1
TUF Gaming A15 2023 FA577XU-LP041WS Gaming Laptop,131990,1
TUF Gaming A15 2023 FA577XU-LP041WS Gaming Laptop,131990,1
TUF Gaming A15 2023 FA577XU-LP041WS Gaming Laptop,131990,1
TUF Gaming A15 2023 FA577XU-LP041WS Gaming Laptop,131990,1
TUF Gaming A15 2023 FA577XU-LP041WS Gaming Laptop,131990,1
TUF Gaming A15 2023 FA577XU-LP041WS Gaming Laptop,131990,1
TUF Gaming A15 2023 FA577XU-LP041WS Gaming Laptop,131990,1
TUF Gaming A15 2023 FA577XU-LP041WS Gaming Laptop,131990,1
TUF Gaming A15 2023 FA577XU-LP041WS Gaming Laptop,131990,1
TUF Gaming A15 2023 FA577XU-LP041WS Gaming Laptop,131990,1
TUF Gaming A15 2023 FA577XU-LP041WS Gaming Laptop,131990,1
TUF Gaming A15 2023 FA577XU-LP041WS Gaming Laptop,131990,1
TUF Gaming A15 2023 FA577XU-LP041WS Gaming Laptop,131990,1
TUF Gaming A15 2023 FA577XU-LP041WS Gaming Laptop,131990,1
TUF Gaming A15 2023 FA577XU-LP041WS Gaming Laptop,131990,1
TUF Gaming A15 2023 FA577XU-LP041WS Gaming Laptop,131990,1
TUF Gaming A15 2023 FA577XU-LP041WS Gaming Laptop,131990,1
TUF Gaming A15 2023 FA577XU-LP041WS Gaming Laptop,131990,1
TUF Gaming A15 2023 FA577XU-LP041WS Gaming Laptop,131990,1
TUF Gaming A15 2023 FA577XU-LP041WS Gaming Laptop,131990,1
TUF Gaming A15 2023 FA577XU-LP041WS Gaming Laptop,131990,1
TUF Gaming A15 2023 FA577XU-LP041WS Gaming Laptop,131990,1
TUF Gaming A15 2023 FA577XU-LP041WS Gaming Laptop,131990,1
TUF Gaming A15 2023 FA577XU-LP041WS Gaming Laptop,131990,1
TUF Gaming A15 2023 FA577XU-LP041WS Gaming Laptop,131990,1
TUF Gaming A15 2023 FA577XU-LP041WS Gaming Laptop,131990,1
TUF Gaming A15 2023 FA577XU-LP041WS Gaming Laptop,131990,1
TUF Gaming A15 2023 FA577XU-LP041WS Gaming Laptop,131990,1
TUF Gaming A15 2023 FA577XU-LP041WS Gaming Laptop,131990,1
TUF Gaming A15 2023 FA577XU-LP041WS Gaming Laptop,131990,1
TUF Gaming A15 2023 FA577XU-LP041WS Gaming Laptop,131990,1
TUF Gaming A15 2023 FA577XU-LP041WS Gaming Laptop,131990,1
TUF Gaming A15 2023 FA577XU-LP041WS Gaming Laptop,131990,1
TUF Gaming A15 2023 FA577XU-LP041WS Gaming Laptop,131990,1
TUF Gaming A15 2023 FA577XU-LP041WS Gaming Laptop,131990,1
TUF Gaming A15 2023 FA577XU-LP041WS Gaming Laptop,131990,1
TUF Gaming A15 2023 FA577XU-LP041WS Gaming Laptop,131990,1
TUF Gaming A15 2023 FA577XU-LP041WS Gaming Laptop,131990,1
TUF Gaming A15 2023 FA577XU-LP041WS Gaming Laptop,131990,1
TUF Gaming A15 2023 FA577XU-LP041WS Gaming Laptop,131990,1
TUF Gaming A15 2023 FA577XU-LP041WS Gaming Laptop,131990,1
TUF Gaming A15 2023 FA577XU-LP041WS Gaming Laptop,131990,1
TUF Gaming A15 2023 FA577XU-LP041WS Gaming Laptop,131990,1
TUF Gaming A15 2023 FA577XU-LP041WS Gaming Laptop,131990,1
TUF Gaming A15 2023 FA577XU-LP041WS Gaming Laptop,131990,1
TUF Gaming A15 2023 FA577XU-LP041WS Gaming Laptop,131990,1
TUF Gaming A15 2023 FA577XU-LP041WS Gaming Laptop,131990,1
TUF Gaming A15 2023 FA577XU-LP041WS Gaming Laptop,131990,1
TUF Gaming A15 2023 FA577XU-LP041WS Gaming Laptop,131990,1
TUF Gaming A15 2023 FA577XU-LP041WS Gaming Laptop,131990,1
TUF Gaming A15 2023 FA577XU-LP041WS Gaming Laptop,131990,1
TUF Gaming A15 2023 FA577XU-LP041WS Gaming Laptop,131990,1
TUF Gaming A15 2023 FA577XU-LP041WS Gaming Laptop,131990,1
TUF Gaming A15 2023 FA577XU-LP041WS Gaming Laptop,131990,1
TUF Gaming A15 2023 FA577XU-LP041WS Gaming Laptop,131990,1
TUF Gaming A15 2023 FA577XU-LP041WS Gaming Laptop,131990,1
TUF Gaming A15 2023 FA577XU-LP041WS Gaming Laptop,131990,1
TUF Gaming A15 2023 FA577XU-LP041WS Gaming Laptop,131990,1
TUF Gaming A15 2023 FA577XU-LP041WS Gaming Laptop,131990,1
TUF Gaming A15 2023 FA577XU-LP041WS Gaming Laptop,131990,1
TUF Gaming A15 2023 FA577XU-LP041WS Gaming Laptop,131990,1
TUF Gaming A15 2023 FA577XU-LP041WS Gaming Laptop,131990,1
TUF Gaming A15 2023 FA577XU-LP041WS Gaming Laptop,131990,1
TUF Gaming A15 2023 FA577XU-LP041WS Gaming Laptop,131990,1
TUF Gaming A15 2023 FA577XU-LP041WS Gaming Laptop,131990,1
TUF Gaming A15 2023 FA577XU-LP041WS Gaming Laptop,131990,1
TUF Gaming A15 2023 FA577XU-LP041WS Gaming Laptop,131990,1
TUF Gaming A15 2023 FA577XU-LP041WS Gaming Laptop,131990,1
TUF Gaming A15 2023 FA577XU-LP041WS Gaming Laptop,131990,1
TUF Gaming A15 2023 FA577XU-LP041WS Gaming Laptop,131990,1
TUF Gaming A15 2023 FA577XU-LP041WS Gaming Laptop,131990,1
TUF Gaming A15 2023 FA577XU-LP041WS Gaming Laptop,131990,1
TUF Gaming A15 2023 FA577XU-LP041WS Gaming Laptop,131990,1
TUF Gaming A15 2023 FA577XU-LP041WS Gaming Laptop,131990,1
TUF Gaming A15 2023 FA577XU-LP041WS Gaming Laptop,131990,1
TUF Gaming A15 2023 FA577XU-LP041WS Gaming Laptop,131990,1
TUF Gaming A15 2023 FA577XU-LP041WS Gaming Laptop,131990,1
TUF Gaming A15 2023 FA577XU-LP041WS Gaming Laptop,131990,1
TUF Gaming A15 2023 FA577XU-LP041WS Gaming Laptop,131990,1
TUF Gaming A15 2023 FA577XU-LP041WS Gaming Laptop,131990,1
TUF Gaming A15 2023 FA577XU-LP041WS Gaming Laptop,131990,1
TUF Gaming A15 2023 FA577XU-LP041WS Gaming Laptop,131990,1
TUF Gaming A15 2023 FA577XU-LP041WS Gaming Laptop,131990,1
TUF Gaming A15 2023 FA577XU-LP041WS Gaming Laptop,131990,1
TUF Gaming A15 2023 FA577XU-LP041WS Gaming Laptop,131990,1
TUF Gaming A15 2023 FA577XU-LP041WS Gaming Laptop,131990,1
TUF Gaming A15 2023 FA577XU-LP041WS Gaming Laptop,131990,1
TUF Gaming A15 2023 FA577XU-LP041WS Gaming Laptop,131990,1
TUF Gaming A15 2023 FA577XU-LP041WS Gaming Laptop,131990,1
TUF Gaming A15 2023 FA577XU-LP041WS Gaming Laptop,131990,1
TUF Gaming A15 2023 FA577XU-LP041WS Gaming Laptop,131990,1
TUF Gaming A15 2023 FA577XU-LP041WS Gaming Laptop,131990,1
TUF Gaming A15 2023 FA577XU-LP041WS Gaming Laptop,131990,1
TUF Gaming A15 2023 FA577XU-LP041WS Gaming Laptop,131990,1
TUF Gaming A15 2023 FA577XU-LP041WS Gaming Laptop,131990,1
TUF Gaming A15 2023 FA577XU-LP041WS Gaming Laptop,131990,1
TUF Gaming A15 2023 FA577XU-LP041WS Gaming Laptop,131990,1
TUF Gaming A15 2023 FA577XU-LP041WS Gaming Laptop,131990,1
TUF Gaming A15 2023 FA577XU-LP041WS Gaming Laptop,131990,1
TUF Gaming A15 2023 FA577XU-LP041WS Gaming Laptop,131990,1
TUF Gaming A15 2023 FA577XU-LP041WS Gaming Laptop,131990,1
TUF Gaming A15 2023 FA577XU-LP041WS Gaming Laptop,131990,1
TUF Gaming A15 2023 FA577XU-LP041WS Gaming Laptop,131990,1
TUF Gaming A15 2023 FA577XU-LP041WS Gaming Laptop,131990,1
TUF Gaming A15 2023 FA577XU-LP041WS Gaming Laptop,131990,1
TUF Gaming A15 2023 FA577XU-LP041WS Gaming Laptop,131990,1
TUF Gaming A15 2023 FA577XU-LP041WS Gaming Laptop,131990,1
TUF Gaming A15 2023 FA577XU-LP041WS Gaming Laptop,131990,1
TUF Gaming A15 2023 FA577XU-LP041WS Gaming Laptop,131990,1
TUF Gaming A15 2023 FA577XU-LP041WS Gaming Laptop,131990,1
TUF Gaming A15 2023 FA577XU-LP041WS Gaming Laptop,131990,1
TUF Gaming A15 2023 FA577XU-LP041WS Gaming Laptop,131990,1
TUF Gaming A15 2023 FA577XU-LP041WS Gaming Laptop,131990,1
TUF Gaming A15 2023 FA577XU-LP041WS Gaming Laptop,131990,1
TUF Gaming A15 2023 FA577XU-LP041WS Gaming Laptop,131990,1
TUF Gaming A15 2023 FA577XU-LP041WS Gaming Laptop,131990,1
TUF Gaming A15 2023 FA577XU-LP041WS Gaming Laptop,131990,1
TUF Gaming A15 2023 FA577XU-LP041WS Gaming Laptop,131990,1
TUF Gaming A15 2023 FA577XU-LP041WS Gaming Laptop,131990,1
TUF Gaming A15 2023 FA577XU-LP041WS Gaming Laptop,131990,1
TUF Gaming A15 2023 FA577XU-LP041WS Gaming Laptop,131990,1
TUF Gaming A15 2023 FA577XU-LP041WS Gaming Laptop,131990,1
TUF Gaming A15 2023 FA577XU-LP041WS Gaming Laptop,131990,1
TUF Gaming A15 2023 FA577XU-LP041WS Gaming Laptop,131990,1
TUF Gaming A15 2023 FA577XU-LP041WS Gaming Laptop,131990,1
TUF Gaming A15 2023 FA577XU-LP041WS Gaming Laptop,131990,1
TUF Gaming A15 2023 FA577XU-LP041WS Gaming Laptop,131990,1
TUF Gaming A15 2023 FA577XU-LP041WS Gaming Laptop,131990,1
TUF Gaming A15 2023 FA577XU-LP041WS Gaming Laptop,131990,1
TUF Gaming A15 2023 FA577XU-LP041WS Gaming Laptop,131990,1
TUF Gaming A15 2023 FA577XU-LP041WS Gaming Laptop,131990,1
TUF Gaming A15 2023 FA577XU-LP041WS Gaming Laptop,131990,1
TUF Gaming A15 2023 FA577XU-LP041WS Gaming Laptop,131990,1
TUF Gaming A15 2023 FA577XU-LP041WS Gaming Laptop,131990,1
TUF Gaming A15 2023 FA577XU-LP041WS Gaming Laptop,131990,1
TUF Gaming A15 2023 FA577XU-LP041WS Gaming Laptop,131990,1
TUF Gaming A15 2023 FA577XU-LP041WS Gaming Laptop,131990,1
TUF Gaming A15 2023 FA577XU-LP041WS Gaming Laptop,131990,1
TUF Gaming A15 2023 FA577XU-LP041WS Gaming Laptop,131990,1
TUF Gaming A15 2023 FA577XU-LP041WS Gaming Laptop,131990,1
TUF Gaming A15 2023 FA577XU-LP041WS Gaming Laptop,131990,1
TUF Gaming A15 2023 FA577XU-LP041WS Gaming Laptop,131990,1
TUF Gaming A15 2023 FA577XU-LP041WS Gaming Laptop,131990,1
TUF Gaming A15 2023 FA577XU-LP041WS Gaming Laptop,131990,1
TUF Gaming A15 2023 FA577XU-LP041WS Gaming Laptop,131990,1
TUF Gaming A15 2023 FA577XU-LP041WS Gaming Laptop,131990,1
TUF Gaming A15 2023 FA577XU-LP041WS Gaming Laptop,131990,1
TUF Gaming A15 2023 FA577XU-LP041WS Gaming Laptop,131990,1
TUF Gaming A15 2023 FA577XU-LP041WS Gaming Laptop,131990,1
TUF Gaming A15 2023 FA577XU-LP041WS Gaming Laptop,131990,1
TUF Gaming A15 2023 FA577XU-LP041WS Gaming Laptop,131990,1
TUF Gaming A15 2023 FA577XU-LP041WS Gaming Laptop,131990,1
TUF Gaming A15 2023 FA577XU-LP041WS Gaming Laptop,131990,1
TUF Gaming A15 2023 FA577XU-LP041WS Gaming Laptop,131990,1
TUF Gaming A15 2023 FA577XU-LP041WS Gaming Laptop,131990,1
TUF Gaming A15 2023 FA577XU-LP041WS Gaming Laptop,131990,1
TUF Gaming A15 2023 FA577XU-LP041WS Gaming Laptop,131990,1
TUF Gaming A15 2023 FA577XU-LP041WS Gaming Laptop,131990,1
TUF Gaming A15 2023 FA577XU-LP041WS Gaming Laptop,131990,1
TUF Gaming A15 2023 FA577XU-LP041WS Gaming Laptop,131990,1
TUF Gaming A15 2023 FA577XU-LP041WS Gaming Laptop,131990,1
TUF Gaming A15 2023 FA577XU-LP041WS Gaming Laptop,131990,1
TUF Gaming A15 2023 FA577XU-LP041WS Gaming Laptop,131990,1
TUF Gaming A15 2023 FA577XU-LP041WS Gaming Laptop,131990,1
TUF Gaming A15 2023 FA577XU-LP041WS Gaming Laptop,131990,1
TUF Gaming A15 2023 FA577XU-LP041WS Gaming Laptop,131990,1
TUF Gaming A15 2023 FA577XU-LP041WS Gaming Laptop,131990,1
TUF Gaming A15 2023 FA577XU-LP041WS Gaming Laptop,131990,1
TUF Gaming A15 2023 FA577XU-LP041WS Gaming Laptop,131990,1
TUF Gaming A15 2023 FA577XU-LP041WS Gaming Laptop,131990,1
TUF Gaming A15 2023 FA577XU-LP041WS Gaming Laptop,131990,1
TUF Gaming A15 2023 FA577XU-LP041WS Gaming Laptop,131990,1
TUF Gaming A15 2023 FA577XU-LP041WS Gaming Laptop,131990,1
TUF Gaming A15 2023 FA577XU-LP041WS Gaming Laptop,131990,1
TUF Gaming A15 2023 FA577XU-LP041WS Gaming Laptop,131990,1
TUF Gaming A15 2023 FA577XU-LP041WS Gaming Laptop,131990,1
TUF Gaming A15 2023 FA577XU-LP041WS Gaming Laptop,131990,1
TUF Gaming A15 2023 FA577XU-LP041WS Gaming Laptop,131990,1
